ลำดับ,รหัสโครงการ,ชื่อโครงการ,ชื่อประเภทโครงการ,ชื่อหน่วยงาน,ชื่อหน่วยงานย่อย,วิธีจัดซื้อฯ,กลุ่มวิธีจัดซื้อฯ,วันที่ประกาศ,งบประมาณ(บาท),ราคากลาง(บาท),ราคาตกลงซื้อ/จ้าง,ปีงบประมาณ,วันที่เกิดรายการ,จังหวัด
4528582,67119524001,ซื้อวัสดุคอมพิวเตอร์ จำนวน 1 รายการ  โดยวิธีเฉพาะเจาะจง,ซื้อ,สำนักงานปลัดกระทรวงการพัฒนาสังคมและความมั่นคงของมนุษย์,สำนักงานปลัดกระทรวงการพัฒนาสังคมและความมั่นคงของมนุษย์,วิธีการจัดหา ประกาศเชิญชวนทั่วไป คัดเลือก เฉพาะเจาะจง,เฉพาะเจาะจง,-,1480,1480,1480,2568,29 พ.ย. 67,กรุงเทพมหานคร
4528583,67119257386,ซื้อน้ำมันเบรก จำนวน ๒ รายการ โดยวิธีเฉพาะเจาะจง,ซื้อ,เทศบาลตำบลแม่ริม,เทศบาลตำบลแม่ริม,วิธีการจัดหา ประกาศเชิญชวนทั่วไป คัดเลือก เฉพาะเจาะจง,เฉพาะเจาะจง,-,1480,1480,1480,2568,14 พ.ย. 67,เชียงใหม่
4528584,67129018376,ซื้อน้ำมันเบรก จำนวน  ๒ รายการ โดยวิธีเฉพาะเจาะจง,ซื้อ,เทศบาลตำบลแม่ริม,เทศบาลตำบลแม่ริม,วิธีการจัดหา ประกาศเชิญชวนทั่วไป คัดเลือก เฉพาะเจาะจง,เฉพาะเจาะจง,-,1480,1480,1480,2568,5 พ.ย. 67,เชียงใหม่
4528585,67119321505,ซื้อวัสดุก่อสร้าง ของสำนักปลัด โดยวิธีเฉพาะเจาะจง,ซื้อ,องค์การบริหารส่วนตำบลยายชา,องค์การบริหารส่วนตำบลยายชา,วิธีการจัดหา ประกาศเชิญชวนทั่วไป คัดเลือก เฉพาะเจาะจง,เฉพาะเจาะจง,-,1480,1480,1480,2568,26 พ.ย. 67,นครปฐม
4528586,67119059809,จ้างเหมาบริการซ่อมเปลี่ยนหลอดไฟถอยหลัง รถสองแถว หมายเลขทะเบียน 40-0203 ภูเก็ต จำนวน 1 คัน (กองการศึกษา) โดยวิธีเฉพาะเจาะจง,จ้างทำของ/จ้างเหมาบริการ,เทศบาลตำบลเชิงทะเล,เทศบาลตำบลเชิงทะเล,วิธีการจัดหา ประกาศเชิญชวนทั่วไป คัดเลือก เฉพาะเจาะจง,เฉพาะเจาะจง,-,1480,1480,1480,2568,6 พ.ย. 67,ภูเก็ต
4528587,67119575754,ซื้อวัสดุก่อสร้าง (กองช่าง)  จำนวน ๖ รายการ โดยวิธีเฉพาะเจาะจง,ซื้อ,องค์การบริหารส่วนตำบลเตาปูน,องค์การบริหารส่วนตำบลเตาปูน,วิธีการจัดหา ประกาศเชิญชวนทั่วไป คัดเลือก เฉพาะเจาะจง,เฉพาะเจาะจง,-,1480,1480,1480,2568,29 พ.ย. 67,สระบุรี
4528588,67119299205,จ้างตรวจเช็คและซ่อมบำรุงรถยนต์  กู้ชีพ กู้ภัย ยี่ห้ออีซูซุ  หมายเลขทะเบียน ขษ  8897 เชียงใหม่ โดยวิธีเฉพาะเจาะจง,จ้างทำของ/จ้างเหมาบริการ,องค์การบริหารส่วนตำบลกองแขก,องค์การบริหารส่วนตำบลกองแขก,วิธีการจัดหา ประกาศเชิญชวนทั่วไป คัดเลือก เฉพาะเจาะจง,เฉพาะเจาะจง,-,1480,1480,1480,2568,18 พ.ย. 67,เชียงใหม่
4528589,67119226512,จ้างซ่อมแซมรถเข็นขยะหมายเลขครุภัณฑ์  ๐๒๓-๖๐-๐๐๑๔  ซึ่งใช้งานประจำที่กองสาธารณสุขและสิ่งแวดล้อม  เทศบาลตำบลสุวรรณภูมิ   โดยวิธีเฉพาะเจาะจง,จ้างทำของ/จ้างเหมาบริการ,เทศบาลตำบลสุวรรณภูมิ,เทศบาลตำบลสุวรรณภูมิ,วิธีการจัดหา ประกาศเชิญชวนทั่วไป คัดเลือก เฉพาะเจาะจง,เฉพาะเจาะจง,-,1480,1480,1480,2568,5 พ.ย. 67,ร้อยเอ็ด
4528590,67119378798,จ้างทำตรายาง และตัดสติ๊กเกอร์ชื่อ - ตำแหน่ง  โดยวิธีเฉพาะเจาะจง,จ้างทำของ/จ้างเหมาบริการ,สำนักงานปลัดกระทรวงการพัฒนาสังคมและความมั่นคงของมนุษย์,สำนักงานพัฒนาสังคมและความมั่นคงของมนุษย์ สุโขทัย,วิธีการจัดหา ประกาศเชิญชวนทั่วไป คัดเลือก เฉพาะเจาะจง,เฉพาะเจาะจง,-,1500,1480,1480,2568,21 พ.ย. 67,สุโขทัย
4528591,67119554039,ซื้อน้ำดื่ม เพื่อบริการประชาชนที่มาติดต่อราชการ ประจำเดือน ธันวาคม ๒๕๖๗ โดยวิธีเฉพาะเจาะจง,ซื้อ,องค์การบริหารส่วนตำบลยาง,องค์การบริหารส่วนตำบลยาง,วิธีการจัดหา ประกาศเชิญชวนทั่วไป คัดเลือก เฉพาะเจาะจง,เฉพาะเจาะจง,-,1480,1480,1480,2568,29 พ.ย. 67,สุรินทร์
4528592,67119552190,ซื้อวัสดุบริโภค โดยวิธีเฉพาะเจาะจง,ซื้อ,โรงพยาบาลซำสูง,โรงพยาบาลซำสูง,วิธีการจัดหา ประกาศเชิญชวนทั่วไป คัดเลือก เฉพาะเจาะจง,เฉพาะเจาะจง,-,1480,1480,1480,2568,27 พ.ย. 67,ขอนแก่น
4528593,67109415742,จ้างซ่อมแซมบำรุงรักษารถกระเช้าหมายเลขทะเบียน 80-6619 กระบี่ โดยวิธีเฉพาะเจาะจง,จ้างทำของ/จ้างเหมาบริการ,เทศบาลตำบลเขาพนม,เทศบาลตำบลเขาพนม,วิธีการจัดหา ประกาศเชิญชวนทั่วไป คัดเลือก เฉพาะเจาะจง,เฉพาะเจาะจง,-,1480,1480,1480,2568,5 พ.ย. 67,กระบี่
4528594,67119168403,ซื้อแก๊สหุงต้ม โดยวิธีเฉพาะเจาะจง,ซื้อ,สาธิตมหาวิทยาลัยราชภัฏเชียงใหม่,สาธิตมหาวิทยาลัยราชภัฏเชียงใหม่,วิธีการจัดหา ประกาศเชิญชวนทั่วไป คัดเลือก เฉพาะเจาะจง,เฉพาะเจาะจง,-,1480,1480,1480,2568,4 พ.ย. 67,เชียงใหม่
4528595,67119220870,จ้างซ่อมแซมเครื่องตัดหญ้า หมายเลข ๔๘๐-๕๗-๐๐๐๗ และหมายเลข ๔๘๐-๕๗-๐๐๑๑ จำนวน ๑ งาน  โดยวิธีเฉพาะเจาะจง,จ้างทำของ/จ้างเหมาบริการ,เทศบาลตำบลบ้านมุง,เทศบาลตำบลบ้านมุง,วิธีการจัดหา ประกาศเชิญชวนทั่วไป คัดเลือก เฉพาะเจาะจง,เฉพาะเจาะจง,-,1480,1480,1480,2568,13 พ.ย. 67,พิษณุโลก
4528596,67119427268,ซื้อวัสดุการเรียนการสอน โดยวิธีเฉพาะเจาะจง,ซื้อ,มหาวิทยาลัยนวมินทราธิราช,สำนักงานอธิการบดี มหาวิทยาลัยนวมินทราธิราช,วิธีการจัดหา ประกาศเชิญชวนทั่วไป คัดเลือก เฉพาะเจาะจง,เฉพาะเจาะจง,-,1480,1480,1480,2568,15 พ.ย. 67,กรุงเทพมหานคร
4528597,67119435086,จ้างถ่ายเอกสารพร้อมเข้าเล่ม โดยวิธีเฉพาะเจาะจง,จ้างทำของ/จ้างเหมาบริการ,สำนักงานปลัดกระทรวงศึกษาธิการ,สำนักงานศึกษาธิการจังหวัดสุโขทัย,วิธีการจัดหา ประกาศเชิญชวนทั่วไป คัดเลือก เฉพาะเจาะจง,เฉพาะเจาะจง,-,1480,1480,1480,2568,6 พ.ย. 67,สุโขทัย
4528598,67119538752,ซื้อชุดสำหรับเต้นแอโรบิค โครงการส่งเสริมความเป็นเลิศทางวิชาการ โดยวิธีเฉพาะเจาะจง,ซื้อ,โรงเรียนวัดเขาพนมนาง,โรงเรียนวัดเขาพนมนาง,วิธีการจัดหา ประกาศเชิญชวนทั่วไป คัดเลือก เฉพาะเจาะจง,เฉพาะเจาะจง,-,1480,1480,1480,2568,15 พ.ย. 67,สุพรรณบุรี
4528599,67129023138,ซื้อวัสดุก่อสร้าง จำนวน 2 รายการ (กองช่าง) โดยวิธีเฉพาะเจาะจง,ซื้อ,องค์การบริหารส่วนตำบลเบญจขร,องค์การบริหารส่วนตำบลเบญจขร,วิธีการจัดหา ประกาศเชิญชวนทั่วไป คัดเลือก เฉพาะเจาะจง,เฉพาะเจาะจง,-,1480,1480,1480,2568,29 พ.ย. 67,สระแก้ว
4528600,67119330556,ซื้อวัสดุงานบ้านงานครัว โดยวิธีเฉพาะเจาะจง,ซื้อ,โรงพยาบาลพญาเม็งราย,โรงพยาบาลพญาเม็งราย,วิธีการจัดหา ประกาศเชิญชวนทั่วไป คัดเลือก เฉพาะเจาะจง,เฉพาะเจาะจง,-,1480,1480,1480,2568,18 พ.ย. 67,เชียงราย
4528601,67119081710,จ้างเหมาซ่อมบำรุงรถยนต์ตรวจการณ์ ทะเบียน ขจ ๖๒๒๒ นครราชสีมา งานป้องกันและบรรเทาสาธารณภัย โดยวิธีเฉพาะเจาะจง,จ้างทำของ/จ้างเหมาบริการ,เทศบาลตำบลเสิงสาง,เทศบาลตำบลเสิงสาง,วิธีการจัดหา ประกาศเชิญชวนทั่วไป คัดเลือก เฉพาะเจาะจง,เฉพาะเจาะจง,-,1480,1480,1480,2568,5 พ.ย. 67,นครราชสีมา
4528602,67119399366,จ้างซ่อมแซมรถบรรทุกขยะ ทะเบียน 90-1380 นครปฐม โดยวิธีเฉพาะเจาะจง,จ้างทำของ/จ้างเหมาบริการ,องค์การบริหารส่วนตำบลท่าตำหนัก,องค์การบริหารส่วนตำบลท่าตำหนัก,วิธีการจัดหา ประกาศเชิญชวนทั่วไป คัดเลือก เฉพาะเจาะจง,เฉพาะเจาะจง,-,1480,1480,1480,2568,11 พ.ย. 67,นครปฐม
4528603,67119412969,จ้างบำรุงรักษาและซ่อมแซมรถขุดดินตีนตะขาบ หมายเลขทะเบียน ตค ๔๙๙๓ กำแพงเพชร โดยการจ้างอัดสายไฮดรอลิค จำนวน ๑ เส้น โดยวิธีเฉพาะเจาะจง,จ้างทำของ/จ้างเหมาบริการ,องค์การบริหารส่วนตำบลบ่อถ้ำ,องค์การบริหารส่วนตำบลบ่อถ้ำ,วิธีการจัดหา ประกาศเชิญชวนทั่วไป คัดเลือก เฉพาะเจาะจง,เฉพาะเจาะจง,-,1480,1480,1480,2568,20 พ.ย. 67,กำแพงเพชร
4528604,67109020708,ซื้อวัสดุวิทยาศาสตร์การแพทย์ จำนวน ๓ รายการ โดยวิธีเฉพาะเจาะจง,ซื้อ,โรงพยาบาลชัยบาดาล,โรงพยาบาลชัยบาดาล,วิธีการจัดหา ประกาศเชิญชวนทั่วไป คัดเลือก เฉพาะเจาะจง,เฉพาะเจาะจง,-,1480,1480,1480,2568,4 ต.ค. 67,ลพบุรี
4528605,67119044199,ซื้อวัสดุงานบ้านงานครัว 1 รายการ โดยวิธีเฉพาะเจาะจง,ซื้อ,สาธิตมหาวิทยาลัยราชภัฏเชียงใหม่,สาธิตมหาวิทยาลัยราชภัฏเชียงใหม่,วิธีการจัดหา ประกาศเชิญชวนทั่วไป คัดเลือก เฉพาะเจาะจง,เฉพาะเจาะจง,-,1480,1480,1480,2568,25 ต.ค. 67,เชียงใหม่
4528606,67109145404,จ้างจ้างเหมาจัดทำตรายาง โดยวิธีเฉพาะเจาะจง,จ้างทำของ/จ้างเหมาบริการ,องค์การบริหารส่วนตำบลทับกฤชใต้,องค์การบริหารส่วนตำบลทับกฤชใต้,วิธีการจัดหา ประกาศเชิญชวนทั่วไป คัดเลือก เฉพาะเจาะจง,เฉพาะเจาะจง,-,1480,1480,1480,2568,9 ต.ค. 67,นครสวรรค์
4528607,67109212610,ซื้อยา 1 รายการ โดยวิธีเฉพาะเจาะจง,ซื้อ,โรงพยาบาลปากพนัง,โรงพยาบาลปากพนัง,วิธีการจัดหา ประกาศเชิญชวนทั่วไป คัดเลือก เฉพาะเจาะจง,เฉพาะเจาะจง,-,1480,1480,1480,2568,7 ต.ค. 67,นครศรีธรรมราช
4528608,67109305121,ซื้อครุภัณฑ์สำนักงาน  จำนวน ๑  รายการ โดยวิธีเฉพาะเจาะจง,ซื้อ,โรงพยาบาลเชียงขวัญ,โรงพยาบาลเชียงขวัญ,วิธีการจัดหา ประกาศเชิญชวนทั่วไป คัดเลือก เฉพาะเจาะจง,เฉพาะเจาะจง,-,1480,1480,1480,2568,17 ต.ค. 67,ร้อยเอ็ด
4528609,67109259757,จ้างซ่อมเเซมรถบรรทุกขยะ หมายเลขทะเบียน 82 - 6514 อุดรธานี ประจำปีงบประมาณ พ.ศ. 2568 โดยวิธีเฉพาะเจาะจง,จ้างทำของ/จ้างเหมาบริการ,เทศบาลตำบลน้ำโสม,เทศบาลตำบลน้ำโสม,วิธีการจัดหา ประกาศเชิญชวนทั่วไป คัดเลือก เฉพาะเจาะจง,เฉพาะเจาะจง,-,1480,1480,1480,2568,15 ต.ค. 67,อุดรธานี
4528610,67109062583,จ้างเหมาถ่ายเอกสารพร้อมเข้าเล่ม ข้อบัญบัติ เรื่องงบประมาณรายจ่ายประจำปีงบประมาณ 2568 จำนวน 9 เล่ม โดยวิธีเฉพาะเจาะจง,จ้างทำของ/จ้างเหมาบริการ,องค์การบริหารส่วนตำบลบ้านใหม่มหาราช,องค์การบริหารส่วนตำบลบ้านใหม่,วิธีการจัดหา ประกาศเชิญชวนทั่วไป คัดเลือก เฉพาะเจาะจง,เฉพาะเจาะจง,-,1480,1480,1480,2568,9 ต.ค. 67,พระนครศรีอยุธยา
4528611,67109423615,ซื้อวัสดุเชื้อเพลิงและหล่อลื่น จำนวน 1 รายการ โดยวิธีเฉพาะเจาะจง,ซื้อ,โรงพยาบาลขุนตาล,โรงพยาบาลขุนตาล,วิธีการจัดหา ประกาศเชิญชวนทั่วไป คัดเลือก เฉพาะเจาะจง,เฉพาะเจาะจง,-,1480,1480,1480,2568,4 ต.ค. 67,เชียงราย
4528612,67109199781,ซื้อวัสดุทันตกรรม จำนวน 2 รายการ โดยวิธีเฉพาะเจาะจง,ซื้อ,โรงพยาบาลลานสะกา,โรงพยาบาลลานสะกา,วิธีการจัดหา ประกาศเชิญชวนทั่วไป คัดเลือก เฉพาะเจาะจง,เฉพาะเจาะจง,-,1480,1480,1480,2568,10 ต.ค. 67,นครศรีธรรมราช
4528613,67109117058,ซื้อวัสดุการเกษตร โดยวิธีเฉพาะเจาะจง,ซื้อ,องค์การบริหารส่วนตำบลบึงกอก,องค์การบริหารส่วนตำบลบึงกอก,วิธีการจัดหา ประกาศเชิญชวนทั่วไป คัดเลือก เฉพาะเจาะจง,เฉพาะเจาะจง,-,1480,1480,1480,2568,25 ต.ค. 67,พิษณุโลก
4528614,67109423174,ซื้อน้ำดื่ม เพื่อบริการประชาชนที่มาติดต่อราชการ ประจำเดือน พฤศจิกายน  2567  โดยวิธีเฉพาะเจาะจง,ซื้อ,องค์การบริหารส่วนตำบลยาง,องค์การบริหารส่วนตำบลยาง,วิธีการจัดหา ประกาศเชิญชวนทั่วไป คัดเลือก เฉพาะเจาะจง,เฉพาะเจาะจง,-,1480,1480,1480,2568,31 ต.ค. 67,สุรินทร์
4528615,67109381306,จ้างเหมาเปลี่ยนถ่ายน้ำมันเครื่องรถยนต์สำนักงาน หมายเลขทะเบียน กข 7917 ปข จำนวน 1 งาน โดยวิธีเฉพาะเจาะจง,จ้างทำของ/จ้างเหมาบริการ,เทศบาลตำบลไร่เก่า,เทศบาลตำบลไร่เก่า,วิธีการจัดหา ประกาศเชิญชวนทั่วไป คัดเลือก เฉพาะเจาะจง,เฉพาะเจาะจง,-,1480,1480,1480,2568,31 ต.ค. 67,ประจวบคีรีขันธ์
4528616,67109292404,ซื้อขออนุมัติจัดซื้อวัสดุไฟฟ้าและวิทยุ โดยวิธีเฉพาะเจาะจง,ซื้อ,องค์การบริหารส่วนตำบลโคกกะเทียม,องค์การบริหารส่วนตำบลโคกกะเทียม,วิธีการจัดหา ประกาศเชิญชวนทั่วไป คัดเลือก เฉพาะเจาะจง,เฉพาะเจาะจง,-,1480,1480,1480,2568,9 ต.ค. 67,ลพบุรี
4528617,67109357668,จ้างเหมาจัดทำตรายาง จำนวน 11 รายการ โดยวิธีเฉพาะเจาะจง,จ้างทำของ/จ้างเหมาบริการ,องค์การบริหารส่วนจังหวัดกาญจนบุรี,รพ.สต.บ้านเขาพุราง,วิธีการจัดหา ประกาศเชิญชวนทั่วไป คัดเลือก เฉพาะเจาะจง,เฉพาะเจาะจง,-,1480,1480,1480,2568,28 ต.ค. 67,กาญจนบุรี
4528618,67109199471,จ้างบำรุงรักษาและซ่อมแซมเครื่องตัดหญ้าแบบสะพาย จำนวน   ๓  รายการ โดยวิธีเฉพาะเจาะจง,จ้างทำของ/จ้างเหมาบริการ,เทศบาลตำบลบ้านท่าหลวง,เทศบาลตำบลบ้านท่าหลวง,วิธีการจัดหา ประกาศเชิญชวนทั่วไป คัดเลือก เฉพาะเจาะจง,เฉพาะเจาะจง,-,1480,1480,1480,2568,9 ต.ค. 67,ลพบุรี
4528619,67129320813,จ้างเหมาการถ่ายเอกสารพร้อมเข้าเล่ม  (สำนักปลัด) โดยวิธีเฉพาะเจาะจง,จ้างทำของ/จ้างเหมาบริการ,องค์การบริหารส่วนตำบลผาสุก,องค์การบริหารส่วนตำบลผาสุก,วิธีการจัดหา ประกาศเชิญชวนทั่วไป คัดเลือก เฉพาะเจาะจง,เฉพาะเจาะจง,-,1480,1480,1480,2568,23 ธ.ค. 67,อุดรธานี
4528620,68019227058,จ้างทำป้ายไวนิลในโครงการสานสัมพันธ์และขับเคลื่อนองค์กร ครั้งที่  3  จำนวน  1 รายการ โดยวิธีเฉพาะเจาะจง,จ้างทำของ/จ้างเหมาบริการ,มหาวิทยาลัยมหาสารคาม,คณะวิศวกรรมศาสตร์ มหาวิทยาลัยมหาสารคาม,วิธีการจัดหา ประกาศเชิญชวนทั่วไป คัดเลือก เฉพาะเจาะจง,เฉพาะเจาะจง,-,1480,1480,1480,2568,6 ธ.ค. 67,มหาสารคาม
4528621,67129449946,ซื้อวัสดุยานพาหนะ  จำนวน  ๒  รายการ โดยวิธีเฉพาะเจาะจง,ซื้อ,กรมควบคุมโรค,ศูนย์ควบคุมโรคติดต่อนำโดยแมลงที่ 9.1 ชัยภูมิ,วิธีการจัดหา ประกาศเชิญชวนทั่วไป คัดเลือก เฉพาะเจาะจง,เฉพาะเจาะจง,-,1480,1480,1480,2568,24 ธ.ค. 67,ชัยภูมิ
4528622,67129269493,จ้างวัสดุสำนักงาน (ตรายางพร้อมหมึกในตัว) จำนวน ๖ รายการ (งานบริหารทั่วไป) โดยวิธีเฉพาะเจาะจง,จ้างทำของ/จ้างเหมาบริการ,องค์การบริหารส่วนตำบลอ่างทอง,องค์การบริหารส่วนตำบลอ่างทอง,วิธีการจัดหา ประกาศเชิญชวนทั่วไป คัดเลือก เฉพาะเจาะจง,เฉพาะเจาะจง,-,1480,1480,1480,2568,23 ธ.ค. 67,พะเยา
4528623,67129394457,ซื้อวัสดุก่อสร้าง จำนวน ๒ รายการ โดยวิธีเฉพาะเจาะจง,ซื้อ,องค์การบริหารส่วนตำบลท่าหลวง,องค์การบริหารส่วนตำบลท่าหลวง,วิธีการจัดหา ประกาศเชิญชวนทั่วไป คัดเลือก เฉพาะเจาะจง,เฉพาะเจาะจง,-,1480,1480,1480,2568,24 ธ.ค. 67,พิจิตร
4528624,67129498095,ซื้อยา จำนวน ๑ รายการ โดยวิธีเฉพาะเจาะจง,ซื้อ,โรงพยาบาลปากพะยูน,โรงพยาบาลปากพะยูน,วิธีการจัดหา ประกาศเชิญชวนทั่วไป คัดเลือก เฉพาะเจาะจง,เฉพาะเจาะจง,-,1480,1480,1480,2568,23 ธ.ค. 67,พัทลุง
4528625,67129349788,จ้างซ่อมบำรุงรถจักรยานยนต์ จำนวน ๒ คัน โดยวิธีเฉพาะเจาะจง,จ้างทำของ/จ้างเหมาบริการ,องค์การบริหารส่วนตำบลช่องสะแก,องค์การบริหารส่วนตำบลช่องสะแก,วิธีการจัดหา ประกาศเชิญชวนทั่วไป คัดเลือก เฉพาะเจาะจง,เฉพาะเจาะจง,-,1480,1480,1480,2568,23 ธ.ค. 67,เพชรบุรี
4528626,67129001424,ซื้อวัสดุยานพาหนะและขนส่ง  จำนวน ๓ รายการ  โดยวิธีเฉพาะเจาะจง,ซื้อ,เทศบาลเมืองจันทบุรี,เทศบาลเมืองจันทบุรี,วิธีการจัดหา ประกาศเชิญชวนทั่วไป คัดเลือก เฉพาะเจาะจง,เฉพาะเจาะจง,-,1480,1480,1480,2568,6 ธ.ค. 67,จันทบุรี
4528627,67129467285,ซื้อวัสดุ  จำนวน  6  รายการ โดยวิธีเฉพาะเจาะจง,ซื้อ,มหาวิทยาลัยราชภัฏเชียงราย,คณะครุศาสตร์,วิธีการจัดหา ประกาศเชิญชวนทั่วไป คัดเลือก เฉพาะเจาะจง,เฉพาะเจาะจง,-,1480,1480,1480,2568,19 ธ.ค. 67,เชียงราย
4528628,67129008203,จ้างซ่อมครุภัณฑ์งานบ้านงานครัว (ตู้เย็น) โดยวิธีเฉพาะเจาะจง,จ้างทำของ/จ้างเหมาบริการ,โรงพยาบาลคีรีรัฐนิคม,โรงพยาบาลคีรีรัฐนิคม,วิธีการจัดหา ประกาศเชิญชวนทั่วไป คัดเลือก เฉพาะเจาะจง,เฉพาะเจาะจง,-,1480,1480,1480,2568,6 ธ.ค. 67,สุราษฎร์ธานี
4528629,67129496272,ซื้อน้ำดื่มเพื่อบริการประชาชน เดือน มกราคม 2568  โดยวิธีเฉพาะเจาะจง,ซื้อ,องค์การบริหารส่วนตำบลยาง,องค์การบริหารส่วนตำบลยาง,วิธีการจัดหา ประกาศเชิญชวนทั่วไป คัดเลือก เฉพาะเจาะจง,เฉพาะเจาะจง,-,1480,1480,1480,2568,27 ธ.ค. 67,สุรินทร์
4528630,67129292596,จ้างเปลี่ยนถ่ายน้ำมันเครื่องรถยนต์ หมายเลขทะเบียน บต 473 มหาสารคาม  โดยวิธีเฉพาะเจาะจง,จ้างทำของ/จ้างเหมาบริการ,องค์การบริหารส่วนตำบลขามเฒ่าพัฒนา,องค์การบริหารส่วนตำบลขามเฒ่าพัฒนา,วิธีการจัดหา ประกาศเชิญชวนทั่วไป คัดเลือก เฉพาะเจาะจง,เฉพาะเจาะจง,-,1480,1480,1480,2568,12 ธ.ค. 67,มหาสารคาม
4528631,68019134999,จ้างโครงการกลุ่มสาระการเรียนรู้ภาษาต่างประเทศ (ภาษาอังกฤษ) โดยวิธีเฉพาะเจาะจง,จ้างทำของ/จ้างเหมาบริการ,โรงเรียนเทศบาลวัดท้าวโคตร,โรงเรียนเทศบาลวัดท้าวโคตร,วิธีการจัดหา ประกาศเชิญชวนทั่วไป คัดเลือก เฉพาะเจาะจง,เฉพาะเจาะจง,-,1480,1480,1480,2568,23 ธ.ค. 67,นครศรีธรรมราช
4528632,67129284238,จ้างเหมบำรุงรักษาและซ่อมแซมรถบรรทุกน้ำเอนกประสงค์ หมายเลขทะเบียน ๘๑-๐๙๙๗ ปจ หมายเลขครุภัณฑ์ ๔๐๒-๔๒๐๖๒๓-๐๐๐๐๑ โดยวิธีเฉพาะเจาะจง,จ้างทำของ/จ้างเหมาบริการ,องค์การบริหารส่วนตำบลกบินทร์,องค์การบริหารส่วนตำบลกบินทร์,วิธีการจัดหา ประกาศเชิญชวนทั่วไป คัดเลือก เฉพาะเจาะจง,เฉพาะเจาะจง,-,1480,1480,1480,2568,18 ธ.ค. 67,ปราจีนบุรี
4528633,67129177126,จ้างจ้างเหมาบริการซ่อมรถจักรยานยนต์ ทะเบียน ๑กฐ๖๒๒๔ หมายเลขครุภัณฑ์ ๐๐๙-๖๖-๐๐๐๗ กองช่าง โดยวิธีเฉพาะเจาะจง,จ้างทำของ/จ้างเหมาบริการ,องค์การบริหารส่วนตำบลหาดงิ้ว,องค์การบริหารส่วนตำบลหาดงิ้ว,วิธีการจัดหา ประกาศเชิญชวนทั่วไป คัดเลือก เฉพาะเจาะจง,เฉพาะเจาะจง,-,1480,1480,1480,2568,13 ธ.ค. 67,อุตรดิตถ์
4528634,68019578280,จ้างเหมาบริการถ่ายเอกสารและเข้าเล่มเอกสาร คู่มือแนวทางการปฏิบัติการจัดการอาชีวศึกษาระบบทวิภาคี  โดยวิธีเฉพาะเจาะจง,จ้างทำของ/จ้างเหมาบริการ,วิทยาลัยเทคนิคกาญจนดิษฐ์,วิทยาลัยเทคนิคกาญจนดิษฐ์,วิธีการจัดหา ประกาศเชิญชวนทั่วไป คัดเลือก เฉพาะเจาะจง,เฉพาะเจาะจง,-,1480,1480,1480,2568,30 ม.ค. 68,สุราษฎร์ธานี
4528635,68019314278,จ้างซ่อมเครื่องถ่ายเอกสาร  กองคลัง รหัส ๔๑๗ ๖๐ ๐๐๐๕  จำนวน ๑ เครื่อง โดยวิธีเฉพาะเจาะจง,จ้างทำของ/จ้างเหมาบริการ,องค์การบริหารส่วนตำบลบ้านนา,องค์การบริหารส่วนตำบลบ้านนา,วิธีการจัดหา ประกาศเชิญชวนทั่วไป คัดเลือก เฉพาะเจาะจง,เฉพาะเจาะจง,-,1480,1480,1480,2568,20 ม.ค. 68,ชุมพร
4528636,68019217655,ซื้อโครงการเปิดโลกทัศน์ พัฒนาไอที โดยวิธีเฉพาะเจาะจง,ซื้อ,โรงเรียนวัดเทพชุมนุม,โรงเรียนวัดเทพชุมนุม,วิธีการจัดหา ประกาศเชิญชวนทั่วไป คัดเลือก เฉพาะเจาะจง,เฉพาะเจาะจง,-,1480,1480,1480,2568,10 ม.ค. 68,สงขลา
4528637,67119251870,จ้างเปลี่ยนหนังหุ้มเบาะและฟองน้ำเก้าอี้กลมนั่งเจ้าหน้าที่ จำนวน ๑ งาน  โดยวิธีเฉพาะเจาะจง,จ้างทำของ/จ้างเหมาบริการ,กรมอนามัย,สถาบันพัฒนาสุขภาวะเขตเมือง,วิธีการจัดหา ประกาศเชิญชวนทั่วไป คัดเลือก เฉพาะเจาะจง,เฉพาะเจาะจง,-,1480,14800,1480,2568,2 ม.ค. 68,กรุงเทพมหานคร
4528638,68019520279,จ้างตรวจเช็คและซ่อมแซมครุภัณฑ์ยานพาหนะและขนส่ง รถยนต์ส่วนกลางหมายเลขทะเบียน บธ ๑๑๕ หมายเลขครุภัณฑ์  ๐๐๑-๕๑-๐๐๐๓ โดยวิธีเฉพาะเจาะจง,จ้างทำของ/จ้างเหมาบริการ,เทศบาลตำบลทาปลาดุก,เทศบาลตำบลทาปลาดุก,วิธีการจัดหา ประกาศเชิญชวนทั่วไป คัดเลือก เฉพาะเจาะจง,เฉพาะเจาะจง,-,1480,1480,1480,2568,23 ม.ค. 68,ลำพูน
4528639,68019310458,ซื้อแก๊สหุงต้ม โดยวิธีเฉพาะเจาะจง,ซื้อ,สาธิตมหาวิทยาลัยราชภัฏเชียงใหม่,สาธิตมหาวิทยาลัยราชภัฏเชียงใหม่,วิธีการจัดหา ประกาศเชิญชวนทั่วไป คัดเลือก เฉพาะเจาะจง,เฉพาะเจาะจง,-,1480,1480,1480,2568,3 ม.ค. 68,เชียงใหม่
4528640,68019370327,จ้างซ่อมแซมรถตู้ หมายเลขทะเบียน นข ๘๒๘ พังงา จำนวน ๑ คัน  โดยวิธีเฉพาะเจาะจง,จ้างทำของ/จ้างเหมาบริการ,เทศบาลเมืองพังงา,เทศบาลเมืองพังงา,วิธีการจัดหา ประกาศเชิญชวนทั่วไป คัดเลือก เฉพาะเจาะจง,เฉพาะเจาะจง,-,1480,1480,1480,2568,27 ม.ค. 68,พังงา
4528641,68019122192,ซื้อตัวล็อคใบพัดลมพานาโซนิคโคจร จำนวน ๓๗ อัน โดยวิธีเฉพาะเจาะจง,ซื้อ,โรงพยาบาลประจวบคีรีขันธ์,โรงพยาบาลประจวบคีรีขันธ์,วิธีการจัดหา ประกาศเชิญชวนทั่วไป คัดเลือก เฉพาะเจาะจง,เฉพาะเจาะจง,-,1480,1480,1480,2568,8 ม.ค. 68,ประจวบคีรีขันธ์
4528642,68019316644,จ้างซ่อมแซมรถจักรยานยนต์ประจำสำนักงาน โดยวิธีเฉพาะเจาะจง,จ้างทำของ/จ้างเหมาบริการ,องค์การบริหารส่วนตำบลแควอ้อม,องค์การบริหารส่วนตำบลแควอ้อม,วิธีการจัดหา ประกาศเชิญชวนทั่วไป คัดเลือก เฉพาะเจาะจง,เฉพาะเจาะจง,-,1480,1480,1480,2568,15 ม.ค. 68,สมุทรสงคราม
4528643,68019273922,ซื้อโครงการจัดซื้อจัดจ้าง วัสดุการศึกษา วัสดุสำนักงาน และซ่อมแซมพัฒนา แผนกวิชาอาหารและโภชนาการ (112/อน13) โดยวิธีเฉพาะเจาะจง,ซื้อ,วิทยาลัยเทคนิคชัยนาท,วิทยาลัยเทคนิคชัยนาท,วิธีการจัดหา ประกาศเชิญชวนทั่วไป คัดเลือก เฉพาะเจาะจง,เฉพาะเจาะจง,-,1480,1480,1480,2568,10 ม.ค. 68,ชัยนาท
4528644,68019151200,จ้างตรวจเช็คซ่อมแซม รถกู้ชีพกู้ภัย หมายเลขทะเบียน ขษ  ๒๕๗๙  เชียงใหม่  โดยวิธีเฉพาะเจาะจง,จ้างทำของ/จ้างเหมาบริการ,เทศบาลตำบลตลาดใหญ่,เทศบาลตำบลตลาดใหญ่,วิธีการจัดหา ประกาศเชิญชวนทั่วไป คัดเลือก เฉพาะเจาะจง,เฉพาะเจาะจง,-,1480,1480,1480,2568,8 ม.ค. 68,เชียงใหม่
4528645,68019017143,ซื้อวัสดุสำนักงาน จำนวน ๒ รายการ โดยวิธีเฉพาะเจาะจง,ซื้อ,โรงพยาบาลวชิระภูเก็ต,โรงพยาบาลวชิระภูเก็ต,วิธีการจัดหา ประกาศเชิญชวนทั่วไป คัดเลือก เฉพาะเจาะจง,เฉพาะเจาะจง,-,1480,1480,1480,2568,13 ม.ค. 68,ภูเก็ต
4528646,68019308874,จ้างเหมาซ่อมแซมรถจักรยานยนต์ หมายเลขทะเบียน กวธ ๑๖๗ นครสวรรค์ โดยวิธีเฉพาะเจาะจง,จ้างทำของ/จ้างเหมาบริการ,เทศบาลตำบลบางมะฝ่อ,เทศบาลตำบลบางมะฝ่อ,วิธีการจัดหา ประกาศเชิญชวนทั่วไป คัดเลือก เฉพาะเจาะจง,เฉพาะเจาะจง,-,1480,1480,1480,2568,17 ม.ค. 68,นครสวรรค์
4528647,68019292772,ซื้อวัสดุเกษตร จำนวน ๒ รายการ โดยวิธีเฉพาะเจาะจง,ซื้อ,องค์การบริหารส่วนตำบลศรีบุญเรือง,องค์การบริหารส่วนตำบลศรีบุญเรือง,วิธีการจัดหา ประกาศเชิญชวนทั่วไป คัดเลือก เฉพาะเจาะจง,เฉพาะเจาะจง,-,1480,1480,1480,2568,20 ม.ค. 68,หนองบัวลำภู
4528648,67129510057,ซื้อวัสดุคอมพิวเตอร์ (สำนักปลัด) โดยวิธีเฉพาะเจาะจง,ซื้อ,องค์การบริหารส่วนตำบลดอนยายหนู,องค์การบริหารส่วนตำบลดอนยายหนู,วิธีการจัดหา ประกาศเชิญชวนทั่วไป คัดเลือก เฉพาะเจาะจง,เฉพาะเจาะจง,-,1480,1480,1480,2568,6 ม.ค. 68,ประจวบคีรีขันธ์
4528649,68019547010,จ้างเหมาซ่อมครุภัณฑ์คอมพิวเตอร์ จำนวน 2 รายการ โดยวิธีเฉพาะเจาะจง,จ้างทำของ/จ้างเหมาบริการ,องค์การบริหารส่วนจังหวัดจันทบุรี,โรงพยาบาลส่งเสริมสุขภาพตำบลบ้านไทรงาม,วิธีการจัดหา ประกาศเชิญชวนทั่วไป คัดเลือก เฉพาะเจาะจง,เฉพาะเจาะจง,-,1480,1480,1480,2568,29 ม.ค. 68,จันทบุรี
4528650,68019380169,ซื้อวัสดุไฟฟ้าและวิทยุ จำนวน 1 รายการ โดยวิธีเฉพาะเจาะจง,ซื้อ,โรงพยาบาลวังยาง,โรงพยาบาลวังยาง,วิธีการจัดหา ประกาศเชิญชวนทั่วไป คัดเลือก เฉพาะเจาะจง,เฉพาะเจาะจง,-,1480,1480,1480,2568,20 ม.ค. 68,นครพนม
4528651,68019035795,ซื้อวัสดุทันตกรรม จำนวน ๒ รายการ โดยวิธีเฉพาะเจาะจง,ซื้อ,โรงพยาบาลเวียงป่าเป้า,โรงพยาบาลเวียงป่าเป้า,วิธีการจัดหา ประกาศเชิญชวนทั่วไป คัดเลือก เฉพาะเจาะจง,เฉพาะเจาะจง,-,1480,1480,1480,2568,2 ม.ค. 68,เชียงราย
4528652,68019492626,ซื้อวัสดุปั้มน้ำสำหรับเครื่องกรอฟัน 12V.  โดยวิธีเฉพาะเจาะจง,ซื้อ,โรงพยาบาลส่งเสริมสุขภาพตำบลศรีประชาเขต,โรงพยาบาลส่งเสริมสุขภาพตำบลศรีประชาเขต,วิธีการจัดหา ประกาศเชิญชวนทั่วไป คัดเลือก เฉพาะเจาะจง,เฉพาะเจาะจง,-,1480,1480,1480,2568,22 ม.ค. 68,สงขลา
4528653,68019417885,จ้างทำตรายางสำหรับใช้ในราชการ จำนวน 6 รายการ โดยวิธีเฉพาะเจาะจง,จ้างทำของ/จ้างเหมาบริการ,องค์การบริหารส่วนตำบลสำนักท้อน,องค์การบริหารส่วนตำบลสำนักท้อน,วิธีการจัดหา ประกาศเชิญชวนทั่วไป คัดเลือก เฉพาะเจาะจง,เฉพาะเจาะจง,-,2000,2000,1480,2568,27 ม.ค. 68,ระยอง
4528654,68019394180,ซื้อวัสดุสำนักงาน โดยวิธีเฉพาะเจาะจง,ซื้อ,กรมส่งเสริมการเกษตร,สำนักงานเกษตรอำเภอเมืองลพบุรี,วิธีการจัดหา ประกาศเชิญชวนทั่วไป คัดเลือก เฉพาะเจาะจง,เฉพาะเจาะจง,-,1480,1480,1480,2568,16 ม.ค. 68,ลพบุรี
4528655,68019311049,ซื้อแบตเตอรี่สำหรับกล้อง    จำนวน  ๒  รายการ โดยวิธีเฉพาะเจาะจง,ซื้อ,โรงพยาบาลภูสิงห์,โรงพยาบาลภูสิงห์,วิธีการจัดหา ประกาศเชิญชวนทั่วไป คัดเลือก เฉพาะเจาะจง,เฉพาะเจาะจง,-,1480,1480,1480,2568,9 ม.ค. 68,ศรีสะเกษ
4528656,68019293740,จ้างเหมาบำรุงรักษาและซ่อมแซมครุภัณฑ์ยานพาหนะและขนส่งรถจักรยานยนต์ (ทะเบียน  ๑ กฌ ๖๖๑๒) โดยวิธีเฉพาะเจาะจง,จ้างทำของ/จ้างเหมาบริการ,องค์การบริหารส่วนตำบลหนองหญ้าขาว,องค์การบริหารส่วนตำบลหนองหญ้าขาว,วิธีการจัดหา ประกาศเชิญชวนทั่วไป คัดเลือก เฉพาะเจาะจง,เฉพาะเจาะจง,-,1480,1480,1480,2568,16 ม.ค. 68,นครราชสีมา
4528657,68019117025,ซื้อวัสดุโครงการพัฒนาศักยภาพตามความถนัดและความสนใจ(ภาคเรียนที่ 2) จำนวน 3 รายการ โดยวิธีเฉพาะเจาะจง,ซื้อ,สาธิตมหาวิทยาลัยมหาสารคาม(ฝ่ายมัธยม),โรงเรียนสาธิตมหาวิทยาลัยมหาสารคาม,วิธีการจัดหา ประกาศเชิญชวนทั่วไป คัดเลือก เฉพาะเจาะจง,เฉพาะเจาะจง,-,1480,1480,1480,2568,3 ม.ค. 68,มหาสารคาม
4528658,68019226648,ซื้อวัสดุก่อสร้าง  สำนักปลัด  เทศบาลตำบลสามเมือง  จำนวน  ๒  รายการ โดยวิธีเฉพาะเจาะจง,ซื้อ,เทศบาลตำบลสามเมือง,เทศบาลตำบลสามเมือง,วิธีการจัดหา ประกาศเชิญชวนทั่วไป คัดเลือก เฉพาะเจาะจง,เฉพาะเจาะจง,-,1480,1480,1480,2568,10 ม.ค. 68,พระนครศรีอยุธยา
4528659,68029031977,ซื้อจัดซื้อวัสดุคอมพิวเตอร์ จำนวน 2 รายการ โดยวิธีเฉพาะเจาะจง,ซื้อ,องค์การบริหารส่วนตำบลบ่อเกลือเหนือ,องค์การบริหารส่วนตำบลบ่อเกลือเหนือ,วิธีการจัดหา ประกาศเชิญชวนทั่วไป คัดเลือก เฉพาะเจาะจง,เฉพาะเจาะจง,-,1480,1480,1480,2568,31 ม.ค. 68,น่าน
4528660,68019034410,ซื้อวัสดุสำนักงาน  ตรายางจำนวน  ๕  รายการ โดยวิธีเฉพาะเจาะจง,ซื้อ,เทศบาลเมืองท่าข้าม,เทศบาลเมืองท่าข้าม,วิธีการจัดหา ประกาศเชิญชวนทั่วไป คัดเลือก เฉพาะเจาะจง,เฉพาะเจาะจง,-,1480,1480,1480,2568,15 ม.ค. 68,สุราษฎร์ธานี
4528661,68019606284,ซื้อน้ำดื่ม เพื่อบริการประชาชนที่มาติดต่อราชการ ประจำเดือน กุมภาพันธ์ พ.ศ. ๒๕๖๘ โดยวิธีเฉพาะเจาะจง,ซื้อ,องค์การบริหารส่วนตำบลยาง,องค์การบริหารส่วนตำบลยาง,วิธีการจัดหา ประกาศเชิญชวนทั่วไป คัดเลือก เฉพาะเจาะจง,เฉพาะเจาะจง,-,1480,1480,1480,2568,31 ม.ค. 68,สุรินทร์
4528662,68039435618,ซื้อวัสดุคอมพิวเตอร์(สำนักปลัด๑)  โดยวิธีเฉพาะเจาะจง,ซื้อ,องค์การบริหารส่วนตำบลโคกสูง,องค์การบริหารส่วนตำบลโคกสูง,วิธีการจัดหา ประกาศเชิญชวนทั่วไป คัดเลือก เฉพาะเจาะจง,เฉพาะเจาะจง,-,1480,1480,1480,2568,10 มี.ค. 68,นครพนม
4528663,68039306857,จ้างจัดทำตรายาง เพื่อใช้ในงานธุรการ โดยวิธีเฉพาะเจาะจง,จ้างทำของ/จ้างเหมาบริการ,กรมพัฒนาฝีมือแรงงาน,สถาบันพัฒนาฝีมือแรงงาน 24 ยะลา,วิธีการจัดหา ประกาศเชิญชวนทั่วไป คัดเลือก เฉพาะเจาะจง,เฉพาะเจาะจง,-,1480,1480,1480,2568,6 มี.ค. 68,ยะลา
4528664,68039251678,จ้างเหมาบริการทำป้ายประชาสัมพันธ์ โคกหนองนาโมเดล โดยวิธีเฉพาะเจาะจง,จ้างทำของ/จ้างเหมาบริการ,องค์การบริหารส่วนตำบลเขาโร,องค์การบริหารส่วนตำบลเขาโร,วิธีการจัดหา ประกาศเชิญชวนทั่วไป คัดเลือก เฉพาะเจาะจง,เฉพาะเจาะจง,-,1480,1480,1480,2568,13 มี.ค. 68,นครศรีธรรมราช
4528665,68039036790,จ้างเหมาซ่อมแซมรถจักรยายาน หมายเลขทะเบียน ขกน 991 อุดรธานี โดยวิธีเฉพาะเจาะจง,จ้างทำของ/จ้างเหมาบริการ,เทศบาลตำบลวังสามหมอ,สำนักปลัด,วิธีการจัดหา ประกาศเชิญชวนทั่วไป คัดเลือก เฉพาะเจาะจง,เฉพาะเจาะจง,-,1480,1480,1480,2568,4 มี.ค. 68,อุดรธานี
4528666,68049012812,จ้างบำรุงรักษาซ่อมแซม ครุภัณฑ์ยานพาหนะและขนส่ง รถยนต์ส่วนกลาง ทะเบียน กข 5542 สท โดยซ่อมบำรุงระบบกลอนประตูด้านหลังฝั่งซ้าย โดยวิธีเฉพาะเจาะจง,จ้างทำของ/จ้างเหมาบริการ,องค์การบริหารส่วนตำบลทุ่งเสลี่ยม,องค์การบริหารส่วนตำบลทุ่งเสลี่ยม,วิธีการจัดหา ประกาศเชิญชวนทั่วไป คัดเลือก เฉพาะเจาะจง,เฉพาะเจาะจง,-,1480,1480,1480,2568,28 มี.ค. 68,สุโขทัย
4528667,68039356776,ซื้อวัสดุอื่น จำนวน ๔ รายการ  โดยวิธีเฉพาะเจาะจง,ซื้อ,องค์การบริหารส่วนตำบลครน,องค์การบริหารส่วนตำบลครน,วิธีการจัดหา ประกาศเชิญชวนทั่วไป คัดเลือก เฉพาะเจาะจง,เฉพาะเจาะจง,-,1480,1480,1480,2568,27 มี.ค. 68,ชุมพร
4528668,68039187144,ซื้อวัสดุสำนักงาน จำนวน ๓ รายการ โดยวิธีเฉพาะเจาะจง,ซื้อ,โรงพยาบาลแสวงหา,โรงพยาบาลแสวงหา,วิธีการจัดหา ประกาศเชิญชวนทั่วไป คัดเลือก เฉพาะเจาะจง,เฉพาะเจาะจง,-,1480,1480,1480,2568,5 มี.ค. 68,อ่างทอง
4528669,68039310569,จ้างซ่อมเปลี่ยนอะไหล่รถสุขาเคลื่อนที่ หมายเลขทะเบียน ๘๑-๔๐๘๘ ประจวบคีรีขันธ์ (รหัสสินทรัพย์ ๔๐๒-๕๒๑๐๒๗-๐๐๐๐๑)  โดยวิธีเฉพาะเจาะจง,จ้างทำของ/จ้างเหมาบริการ,องค์การบริหารส่วนจังหวัดประจวบคีรีขันธ์,องค์การบริหารส่วนจังหวัดประจวบคีรีขันธ์,วิธีการจัดหา ประกาศเชิญชวนทั่วไป คัดเลือก เฉพาะเจาะจง,เฉพาะเจาะจง,-,1480,1480,1480,2568,20 มี.ค. 68,ประจวบคีรีขันธ์
4528670,68039602141,ซื้อน้ำดื่มเพื่อบริการประชาชน เดือน เมษายน  ๒๕๖๘  โดยวิธีเฉพาะเจาะจง,ซื้อ,องค์การบริหารส่วนตำบลยาง,องค์การบริหารส่วนตำบลยาง,วิธีการจัดหา ประกาศเชิญชวนทั่วไป คัดเลือก เฉพาะเจาะจง,เฉพาะเจาะจง,-,1480,1480,1480,2568,31 มี.ค. 68,สุรินทร์
4528671,68039494103,จ้างเหมาจัดทำตรายาง (สำนักปลัด) จำนวน 6 รายการ โดยวิธีเฉพาะเจาะจง,จ้างทำของ/จ้างเหมาบริการ,เทศบาลตำบลป่าตาล,เทศบาลตำบลป่าตาล,วิธีการจัดหา ประกาศเชิญชวนทั่วไป คัดเลือก เฉพาะเจาะจง,เฉพาะเจาะจง,-,1480,1480,1480,2568,25 มี.ค. 68,เชียงราย
4528672,68039260039,จ้างทำตรายาง จำนวน ๕ รายการ โดยวิธีเฉพาะเจาะจง,จ้างทำของ/จ้างเหมาบริการ,เทศบาลตำบลทะเลทรัพย์,เทศบาลตำบลทะเลทรัพย์,วิธีการจัดหา ประกาศเชิญชวนทั่วไป คัดเลือก เฉพาะเจาะจง,เฉพาะเจาะจง,-,1480,1480,1480,2568,11 มี.ค. 68,ชุมพร
4528673,68039351331,จ้างซ่อมเครื่องตัดหญ้า จำนวน 2 เครื่อง  1 งาน โดยวิธีเฉพาะเจาะจง,จ้างทำของ/จ้างเหมาบริการ,มหาวิทยาลัยมหาสารคาม,กองอาคารและสถานที่ มหาวิทยาลัยมหาสารคาม,วิธีการจัดหา ประกาศเชิญชวนทั่วไป คัดเลือก เฉพาะเจาะจง,เฉพาะเจาะจง,-,1480,1480,1480,2568,21 มี.ค. 68,มหาสารคาม
4528674,68039578056,ซื้อวัสดุงานบ้านงานครัว โดยวิธีเฉพาะเจาะจง,ซื้อ,เทศบาลตำบลรัตนวารีศรีเจริญ,เทศบาลตำบลรัตนวารีศรีเจริญ,วิธีการจัดหา ประกาศเชิญชวนทั่วไป คัดเลือก เฉพาะเจาะจง,เฉพาะเจาะจง,-,1480,1480,1480,2568,27 มี.ค. 68,อำนาจเจริญ
4528675,68039614969,จ้างซ่อมรถบรรทุกน้ำดับเพลิง จำนวน ๓ รายการ โดยวิธีเฉพาะเจาะจง,จ้างทำของ/จ้างเหมาบริการ,เทศบาลตำบลเชียรใหญ่,เทศบาลตำบลเชียรใหญ่,วิธีการจัดหา ประกาศเชิญชวนทั่วไป คัดเลือก เฉพาะเจาะจง,เฉพาะเจาะจง,-,1480,1480,1480,2568,31 มี.ค. 68,นครศรีธรรมราช
4528676,68039083484,จ้างทำสติกเกอร์ โปรดช่วยกันรักษาความสะอาด จำนวน ๔๐๐ ชิ้น (กองคลัง) โดยวิธีเฉพาะเจาะจง,จ้างทำของ/จ้างเหมาบริการ,องค์การบริหารส่วนตำบลละแม,องค์การบริหารส่วนตำบลละแม,วิธีการจัดหา ประกาศเชิญชวนทั่วไป คัดเลือก เฉพาะเจาะจง,เฉพาะเจาะจง,-,1480,1480,1480,2568,5 มี.ค. 68,ชุมพร
4528677,68039272978,จ้างทำตรายาง จำนวน ๒ รายการ (กองคลัง) โดยวิธีเฉพาะเจาะจง,จ้างทำของ/จ้างเหมาบริการ,เทศบาลตำบลบ้านส้อง,เทศบาลตำบลบ้านส้อง,วิธีการจัดหา ประกาศเชิญชวนทั่วไป คัดเลือก เฉพาะเจาะจง,เฉพาะเจาะจง,-,1500,1500,1480,2568,17 มี.ค. 68,สุราษฎร์ธานี
4528678,68039308552,จ้างทำป้ายไวนิล ป้ายอะคริลิค โฟมบอร์ด เพื่อใช้ในกองทุนสวัสดิการชุมชนเทศบาลตำบลหัวไทร โดยวิธีเฉพาะเจาะจง,จ้างทำของ/จ้างเหมาบริการ,เทศบาลตำบลหัวไทร,เทศบาลตำบลหัวไทร,วิธีการจัดหา ประกาศเชิญชวนทั่วไป คัดเลือก เฉพาะเจาะจง,เฉพาะเจาะจง,-,1480,1480,1480,2568,18 มี.ค. 68,นครศรีธรรมราช
4528679,68049003116,ซื้อวัสดุสำนักงาน โดยวิธีเฉพาะเจาะจง,ซื้อ,โรงพยาบาลท่าตะเกียบ,โรงพยาบาลท่าตะเกียบ,วิธีการจัดหา ประกาศเชิญชวนทั่วไป คัดเลือก เฉพาะเจาะจง,เฉพาะเจาะจง,-,1480,1480,1480,2568,28 มี.ค. 68,ฉะเชิงเทรา
4528680,68039557408,จ้างจัดทำเอกสารผู้เข้าร่วมโครงการค่ากิจกรรมพัฒนาคุณภาพผู้เรียนช่วงอายุเด็ก 3-5 ปี (โครงการส่งเสริมการเรียนรู้สู่โลกกว้างทางปัญญา) ประจำปีงบประมาณ 2568 โดยวิธีเฉพาะเจาะจง,จ้างทำของ/จ้างเหมาบริการ,เทศบาลตำบลคอนสาร,ศูนย์พัฒนาเด็กเล็กเทศบาลตำบลคอนสาร,วิธีการจัดหา ประกาศเชิญชวนทั่วไป คัดเลือก เฉพาะเจาะจง,เฉพาะเจาะจง,-,1480,1480,1480,2568,18 มี.ค. 68,ชัยภูมิ
4528681,68039171996,ซื้อน้ำดื่มตามโครงการวันท้องถิ่นไทย ประจำปี ๒๕๖๘ จำนวน ๑ โครงการ (สำนักปลัด)   โดยวิธีเฉพาะเจาะจง,ซื้อ,เทศบาลตำบลสันนาเม็ง,เทศบาลตำบลสันนาเม็ง,วิธีการจัดหา ประกาศเชิญชวนทั่วไป คัดเลือก เฉพาะเจาะจง,เฉพาะเจาะจง,-,1480,1480,1480,2568,10 มี.ค. 68,เชียงใหม่
4528682,68039285477,จ้างตรวจเช็คสภาพและเปลี่ยนน้ำมันเครื่องรถยนต์ส่วนกลาง หมายเลขทะเบียน กค 8824 ตรัง โดยวิธีเฉพาะเจาะจง,จ้างทำของ/จ้างเหมาบริการ,องค์การบริหารส่วนตำบลทุ่งยาว,องค์การบริหารส่วนตำบลทุ่งยาว,วิธีการจัดหา ประกาศเชิญชวนทั่วไป คัดเลือก เฉพาะเจาะจง,เฉพาะเจาะจง,-,1480,1480,1480,2568,14 มี.ค. 68,ตรัง
4528683,68039243797,จ้างจัดจ้างถ่ายเอกสาร  จำนวน  ๑  รายการ โดยวิธีเฉพาะเจาะจง,จ้างทำของ/จ้างเหมาบริการ,องค์การบริหารส่วนตำบลห้วยยาง,องค์การบริหารส่วนตำบลห้วยยาง,วิธีการจัดหา ประกาศเชิญชวนทั่วไป คัดเลือก เฉพาะเจาะจง,เฉพาะเจาะจง,-,1480,1480,1480,2568,11 มี.ค. 68,ประจวบคีรีขันธ์
4528684,68039463982,ซื้อวัสดุไฟฟ้าและวิทยุ(งานบริหารทั่วไป) จำนวน ๓ รายการ โดยวิธีเฉพาะเจาะจง,ซื้อ,องค์การบริหารส่วนตำบลท่าหมื่นราม,องค์การบริหารส่วนตำบลท่าหมื่นราม,วิธีการจัดหา ประกาศเชิญชวนทั่วไป คัดเลือก เฉพาะเจาะจง,เฉพาะเจาะจง,-,1480,1480,1480,2568,24 มี.ค. 68,พิษณุโลก
4528685,68039305278,จ้างเหมาทำตรายาง โดยวิธีเฉพาะเจาะจง,จ้างทำของ/จ้างเหมาบริการ,โรงพยาบาลจุน,โรงพยาบาลจุน,วิธีการจัดหา ประกาศเชิญชวนทั่วไป คัดเลือก เฉพาะเจาะจง,เฉพาะเจาะจง,-,1480,1480,1480,2568,11 มี.ค. 68,พะเยา
4528686,68039237341,ซื้อวัสดุการเกษตร  ใช้กับเลื่อยยนต์  จำนวน  2  รายการ  เพื่อใช้ในการปฏิบัติงานของพนักงานเจ้าหน้าที่กองสาธารณสุขและสิ่งแวดล้อม โดยวิธีเฉพาะเจาะจง,ซื้อ,เทศบาลตำบลป่าก่อดำ,เทศบาลตำบลป่าก่อดำ,วิธีการจัดหา ประกาศเชิญชวนทั่วไป คัดเลือก เฉพาะเจาะจง,เฉพาะเจาะจง,-,1480,1480,1480,2568,25 มี.ค. 68,เชียงราย
4528687,68059469229,ซื้อวัสดุ (ป้ายไวนิล โครงการพลศึกษาและกีฬากับการพัฒนาเด็ก เยาวชน และประชาชน ในชุมชนให้มีสุขภาวะที่ดี คณะวิทยาศาสตร์การกีฬาและสุขภาพ) จำนวน ๑ ป้าย โดยวิธีเฉพาะเจาะจง,ซื้อ,มหาวิทยาลัยการกีฬาแห่งชาติ วิทยาเขตมหาสารคาม,มหาวิทยาลัยการกีฬาแห่งชาติ วิทยาเขตมหาสารคาม,วิธีการจัดหา ประกาศเชิญชวนทั่วไป คัดเลือก เฉพาะเจาะจง,เฉพาะเจาะจง,-,1480,1480,1480,2568,26 พ.ค. 68,มหาสารคาม
4528688,68059360974,ซื้อวัสดุสำนักงาน โดยวิธีเฉพาะเจาะจง,ซื้อ,เทศบาลตำบลท่าแพ,เทศบาลตำบลท่าแพ,วิธีการจัดหา ประกาศเชิญชวนทั่วไป คัดเลือก เฉพาะเจาะจง,เฉพาะเจาะจง,-,1480,1480,1480,2568,8 พ.ค. 68,นครศรีธรรมราช
4528689,68059055787,จ้างทำตรายาง ตราประทับบัตรเลือกตั้งของเทศบาลตำบลสมหวัง (ด้ามหมึกในตัว) จำนวน ๒ อัน (ตามรายละเอียดรายการและรายละเอียดคุณลักษณะเฉพาะของพัสดุ)  โดยวิธีเฉพาะเจาะจง,จ้างทำของ/จ้างเหมาบริการ,เทศบาลตำบลสมหวัง,เทศบาลตำบลสมหวัง,วิธีการจัดหา ประกาศเชิญชวนทั่วไป คัดเลือก เฉพาะเจาะจง,เฉพาะเจาะจง,-,1480,1480,1480,2568,2 พ.ค. 68,พัทลุง
4528690,68059536909,ซื้อแก๊สหุงต้ม โดยวิธีเฉพาะเจาะจง,ซื้อ,สาธิตมหาวิทยาลัยราชภัฏเชียงใหม่,สาธิตมหาวิทยาลัยราชภัฏเชียงใหม่,วิธีการจัดหา ประกาศเชิญชวนทั่วไป คัดเลือก เฉพาะเจาะจง,เฉพาะเจาะจง,-,1480,1480,1480,2568,16 พ.ค. 68,เชียงใหม่
4528691,68059300250,ซื้อวัสดุสำนักงาน จำนวน ๗ รายการ สำหรับโครงการส่งเสริมและพัฒนาผู้ประกอบการวิสาหกิจชุมชน โดยวิธีเฉพาะเจาะจง,ซื้อ,กรมส่งเสริมการเกษตร,สำนักงานเกษตรอำเภอบ้านหมี่,วิธีการจัดหา ประกาศเชิญชวนทั่วไป คัดเลือก เฉพาะเจาะจง,เฉพาะเจาะจง,-,1480,1480,1480,2568,20 พ.ค. 68,ลพบุรี
4528692,68059200457,ซื้อรายงานจัดซื้อผักปลอดสารพิษ  จำนวน ๗ รายการ ในวันที่ ๑๖ พฤษภาคม ๒๕๖๘ โดยวิธีเฉพาะเจาะจง,ซื้อ,โรงพยาบาลนครพนม,กลุ่มงานโภชนศาสตร์ โรงพยาบาลนครพนม,วิธีการจัดหา ประกาศเชิญชวนทั่วไป คัดเลือก เฉพาะเจาะจง,เฉพาะเจาะจง,-,1480,1480,1480,2568,15 พ.ค. 68,นครพนม
4528693,68059096789,ซื้อวัสดุเชื้อเพลิงและหล่อลื่น โดยวิธีเฉพาะเจาะจง,ซื้อ,เทศบาลเมืองปางมะค่า,เทศบาลเมืองปางมะค่า,วิธีการจัดหา ประกาศเชิญชวนทั่วไป คัดเลือก เฉพาะเจาะจง,เฉพาะเจาะจง,-,1480,1480,1480,2568,1 พ.ค. 68,กำแพงเพชร
4528694,68069008294,ซื้อท่อPVCและกาว โดยวิธีเฉพาะเจาะจง,ซื้อ,องค์การบริหารส่วนตำบลบ้านม่วง,องค์การบริหารส่วนตำบลบ้านม่วง,วิธีการจัดหา ประกาศเชิญชวนทั่วไป คัดเลือก เฉพาะเจาะจง,เฉพาะเจาะจง,-,1480,1480,1480,2568,23 พ.ค. 68,อุดรธานี
4528695,68069000288,ซื้อผักปลอดสารพิษ วันที่ ๒ มิถุนายน ๒๕๖๘ จำนวน ๗ รายการ โดยวิธีเฉพาะเจาะจง,ซื้อ,โรงพยาบาลนครพนม,กลุ่มงานโภชนศาสตร์ โรงพยาบาลนครพนม,วิธีการจัดหา ประกาศเชิญชวนทั่วไป คัดเลือก เฉพาะเจาะจง,เฉพาะเจาะจง,-,1480,1480,1480,2568,30 พ.ค. 68,นครพนม
4528696,68059433735,จ้างเปลี่ยนถ่ายน้ำมันเครื่องรถยนต์ส่วนกลาง ทะเบียน กข-๒๒๘๘ พังงา โดยวิธีเฉพาะเจาะจง,จ้างทำของ/จ้างเหมาบริการ,องค์การบริหารส่วนตำบลโคกเจริญ,องค์การบริหารส่วนตำบลโคกเจริญ,วิธีการจัดหา ประกาศเชิญชวนทั่วไป คัดเลือก เฉพาะเจาะจง,เฉพาะเจาะจง,-,1480,1480,1480,2568,27 พ.ค. 68,พังงา
4528697,68059205839,ซื้อยา Cefurim 750 mg inj จำนวน 40 Vial โดยวิธีเฉพาะเจาะจง,ซื้อ,โรงพยาบาลเจริญกรุงประชารักษ์,โรงพยาบาลเจริญกรุงประชารักษ์,วิธีการจัดหา ประกาศเชิญชวนทั่วไป คัดเลือก เฉพาะเจาะจง,เฉพาะเจาะจง,-,1480,1480,1480,2568,6 พ.ค. 68,กรุงเทพมหานคร
4528698,68059342608,จ้างเหมาทำบัตรพนักงาน องค์การบริหารส่วนตำบลพยอม โดยวิธีเฉพาะเจาะจง,จ้างทำของ/จ้างเหมาบริการ,องค์การบริหารส่วนตำบลพยอม,องค์การบริหารส่วนตำบลพยอม,วิธีการจัดหา ประกาศเชิญชวนทั่วไป คัดเลือก เฉพาะเจาะจง,เฉพาะเจาะจง,-,1480,1480,1480,2568,19 พ.ค. 68,พระนครศรีอยุธยา
4528699,68059188266,จ้างเหมาจัดทำตรายาง จำนวน ๔ รายการ ขององค์การบริหารส่วนตำบลศิลา โดยวิธีเฉพาะเจาะจง,จ้างทำของ/จ้างเหมาบริการ,องค์การบริหารส่วนตำบลศิลา,องค์การบริหารส่วนตำบลศิลา,วิธีการจัดหา ประกาศเชิญชวนทั่วไป คัดเลือก เฉพาะเจาะจง,เฉพาะเจาะจง,-,1480,1480,1480,2568,16 พ.ค. 68,เพชรบูรณ์
4528700,68059200718,ซื้อวัสดุสำนักงาน โดยวิธีเฉพาะเจาะจง,ซื้อ,กรมส่งเสริมการเกษตร,สำนักงานเกษตรอำเภอเมืองลพบุรี,วิธีการจัดหา ประกาศเชิญชวนทั่วไป คัดเลือก เฉพาะเจาะจง,เฉพาะเจาะจง,-,1480,1480,1480,2568,13 พ.ค. 68,ลพบุรี
4528701,68059208694,ซื้อวัสดุเชื้อเพลิงเเละหล่อลื่น โดยวิธีเฉพาะเจาะจง,ซื้อ,องค์การบริหารส่วนตำบลตาลชุม,องค์การบริหารส่วนตำบลตาลชุม,วิธีการจัดหา ประกาศเชิญชวนทั่วไป คัดเลือก เฉพาะเจาะจง,เฉพาะเจาะจง,-,1480,1480,1480,2568,14 พ.ค. 68,น่าน
4528702,68059275313,จ้างเหมาซ่อมบำรุงรักษารถยนต์ส่วนราชการ หมายเลขทะเบียน กข ๗๓๑๖  บร โดยวิธีเฉพาะเจาะจง,จ้างทำของ/จ้างเหมาบริการ,องค์การบริหารส่วนตำบลบ้านคู,องค์การบริหารส่วนตำบลบ้านคู,วิธีการจัดหา ประกาศเชิญชวนทั่วไป คัดเลือก เฉพาะเจาะจง,เฉพาะเจาะจง,-,1480,1480,1480,2568,19 พ.ค. 68,บุรีรัมย์
4528703,68059300454,ซื้อวัสดุก่อสร้าง เทศบาลตำบลโพธิ์ไทร  โดยวิธีเฉพาะเจาะจง,ซื้อ,เทศบาลตำบลโพธิ์ไทร,เทศบาลตำบลโพธิ์ไทร,วิธีการจัดหา ประกาศเชิญชวนทั่วไป คัดเลือก เฉพาะเจาะจง,เฉพาะเจาะจง,-,1480,1480,1480,2568,19 พ.ค. 68,อุบลราชธานี
4528704,68069000255,จ้างซ่อมแซมครุภัณฑ์ เครื่องพิมพ์เอกสาร จำนวน 1  เครื่อง  โดยวิธีเฉพาะเจาะจง,จ้างทำของ/จ้างเหมาบริการ,องค์การบริหารส่วนจังหวัดศรีสะเกษ,โรงพยาบาลส่งเสริมสุขภาพตำบลบ้านพะแวะ,วิธีการจัดหา ประกาศเชิญชวนทั่วไป คัดเลือก เฉพาะเจาะจง,เฉพาะเจาะจง,-,1480,1480,1480,2568,16 พ.ค. 68,ศรีสะเกษ
4528705,68059306942,ซื้อวัสดุคอมพิวเตอร์ จำนวน 1 รายการ  โดยวิธีเฉพาะเจาะจง,ซื้อ,สำนักงานปลัดกระทรวงการพัฒนาสังคมและความมั่นคงของมนุษย์,สำนักงานปลัดกระทรวงการพัฒนาสังคมและความมั่นคงของมนุษย์,วิธีการจัดหา ประกาศเชิญชวนทั่วไป คัดเลือก เฉพาะเจาะจง,เฉพาะเจาะจง,-,1480,1480,1480,2568,21 พ.ค. 68,กรุงเทพมหานคร
4528706,68059117974,ซื้อวัสดุการเกษตร จำนวน ๒ รายการ โดยวิธีเฉพาะเจาะจง,ซื้อ,เทศบาลเมืองเบตง,เทศบาลเมืองเบตง,วิธีการจัดหา ประกาศเชิญชวนทั่วไป คัดเลือก เฉพาะเจาะจง,เฉพาะเจาะจง,-,1480,1480,1480,2568,20 พ.ค. 68,ยะลา
4528707,68059453523,จ้างซ่อมครุภัณฑ์คอมพิวเตอร์ หมายเลขครุภัณฑ์ ๔๘๓-๕๙-๐๐๐๓  โดยวิธีเฉพาะเจาะจง,จ้างทำของ/จ้างเหมาบริการ,องค์การบริหารส่วนจังหวัดหนองบัวลำภู,องค์การบริหารส่วนจังหวัดหนองบัวลำภู,วิธีการจัดหา ประกาศเชิญชวนทั่วไป คัดเลือก เฉพาะเจาะจง,เฉพาะเจาะจง,-,1480,1480,1480,2568,30 พ.ค. 68,หนองบัวลำภู
4528708,68069584290,ซื้อน้ำมันเชื้อเพลิง สำหรับพาหนะ รับ - ส่ง นักเรียน หมายเลขทะเบียน นก 3779 ลำปาง ประจำเดือน มิถุนายน 2568 โครงการพัฒนางานบริหารทั่วไป กิจกรรมบำรุงซ่อมแซมยานพาหนะรับ ส่ง นักเรียน  โดยวิธีเฉพาะเจาะจง,ซื้อ,โรงเรียนบ้านสองแควใต้,โรงเรียนบ้านสองแควใต้,วิธีการจัดหา ประกาศเชิญชวนทั่วไป คัดเลือก เฉพาะเจาะจง,เฉพาะเจาะจง,-,1480,1480,1480,2568,9 มิ.ย. 68,ลำปาง
4528709,68069531774,ซื้อวัสดุ โครงการกิจกรรมพัฒนาผู้เรียนกลุ่มสาระการเรียนรู้สังคมศึกษา ศาสนา และวัฒนธรรม วันไหว้ครู  โดยวิธีเฉพาะเจาะจง,ซื้อ,โรงเรียนเทศบาล 1 วัดพระงาม (สามัคคีพิทยา),โรงเรียนเทศบาล 1 วัดพระงาม (สามัคคีพิทยา),วิธีการจัดหา ประกาศเชิญชวนทั่วไป คัดเลือก เฉพาะเจาะจง,เฉพาะเจาะจง,-,1480,1480,1480,2568,17 มิ.ย. 68,นครปฐม
4528710,68069440841,จ้างซ่อมแซมเครื่องชั่งน้ำหนัก  รุ่น TCS-250LP จำนวน ๑ เครื่อง  ตาม RP๐๕-๓๓ โครงการสนับสนุนค่าใช้จ่ายต่าง ๆ เช่น ค่าสาธารณูปโภค (ระดับวิทยาลัย)  ตามแผนปฏิบัติการประจำปี  ประจำปีงบประมาณ ๒๕๖๘ โดยวิธีเฉพาะเจาะจง,จ้างทำของ/จ้างเหมาบริการ,สถาบันพระบรมราชชนก,วิทยาลัยพยาบาลบรมราชชนนี พุทธชินราช,วิธีการจัดหา ประกาศเชิญชวนทั่วไป คัดเลือก เฉพาะเจาะจง,เฉพาะเจาะจง,-,1480,1480,1480,2568,23 มิ.ย. 68,พิษณุโลก
4528711,68059503424,จ้างบำรุงรักษาและซ่อมแซมยานพาหนะ (นค-6908) โดยวิธีเฉพาะเจาะจง,จ้างทำของ/จ้างเหมาบริการ,เทศบาลนครนครสวรรค์,เทศบาลนครนครสวรรค์,วิธีการจัดหา ประกาศเชิญชวนทั่วไป คัดเลือก เฉพาะเจาะจง,เฉพาะเจาะจง,-,1480,1480,1480,2568,9 มิ.ย. 68,นครสวรรค์
4528712,68069215953,ซื้อวัสดุสำนักงาน  รายการน้ำดื่มประจำเดือนพฤษภาคม 2568 โดยวิธีเฉพาะเจาะจง,ซื้อ,กรุงเทพมหานคร,สถานธนานุบาลดอนเมือง,วิธีการจัดหา ประกาศเชิญชวนทั่วไป คัดเลือก เฉพาะเจาะจง,เฉพาะเจาะจง,-,1480,1480,1480,2568,5 มิ.ย. 68,กรุงเทพมหานคร
4528713,68049009291,ซื้อวัสดุคอมพิวเตอร์ จำนวน 1 รายการ  โดยวิธีเฉพาะเจาะจง,ซื้อ,สำนักงานปลัดกระทรวงการพัฒนาสังคมและความมั่นคงของมนุษย์,สำนักงานปลัดกระทรวงการพัฒนาสังคมและความมั่นคงของมนุษย์,วิธีการจัดหา ประกาศเชิญชวนทั่วไป คัดเลือก เฉพาะเจาะจง,เฉพาะเจาะจง,-,1480,1480,1480,2568,3 เม.ย. 68,กรุงเทพมหานคร
4528714,68029182868,ซื้อวัสดุงานวิทยบริการและห้องสมุด จำนวน 1 รายการ โดยวิธีเฉพาะเจาะจง,ซื้อ,วิทยาลัยสารพัดช่างพิจิตร,วิทยาลัยอาชีวศึกษาพิจิตร,วิธีการจัดหา ประกาศเชิญชวนทั่วไป คัดเลือก เฉพาะเจาะจง,เฉพาะเจาะจง,-,1480,1480,1480,2568,6 ก.พ. 68,พิจิตร
4528715,68019454698,จ้างเปลี่ยนถ่ายน้ำมันเครื่องรถยนต์หมายเลขทะเบียน นง-7387 เชียงใหม่ โดยวิธีเฉพาะเจาะจง,จ้างทำของ/จ้างเหมาบริการ,โรงพยาบาลธัญญารักษ์เชียงใหม่,โรงพยาบาลธัญญารักษ์ เชียงใหม่,วิธีการจัดหา ประกาศเชิญชวนทั่วไป คัดเลือก เฉพาะเจาะจง,เฉพาะเจาะจง,-,1480,1480,1480,2568,4 ก.พ. 68,เชียงใหม่
4528716,68029275830,ซื้อวัสดุอุปกรณ์ใช้ในการจัดกิจกรรมครูภูมิปัญญาท้องถิ่น (สอนทำกล้วยบวชชี) ตามโครงการสืบสานภูมิปัญญาท้องถิ่นของศูนย์พัฒนาเด็กเล็ก ประจำปีงบประมาณ พ.ศ. ๒๕๖๘ ของศูนย์พัฒนาเด็กเล็กเตรียมปริญญานุสรณ์ โดยวิธีเฉพาะเจาะจง,ซื้อ,องค์การบริหารส่วนตำบลบางพลีใหญ่,กองการศึกษา ศาสนาและวัฒนธรรม,วิธีการจัดหา ประกาศเชิญชวนทั่วไป คัดเลือก เฉพาะเจาะจง,เฉพาะเจาะจง,-,1480,1480,1480,2568,17 ก.พ. 68,สมุทรปราการ
4528717,67119524880,จ้างทำตรายาง โดยวิธีเฉพาะเจาะจง,จ้างทำของ/จ้างเหมาบริการ,กรมส่งเสริมการเรียนรู้,ศูนย์ส่งเสริมการเรียนรู้อำเภอเขาค้อ,วิธีการจัดหา ประกาศเชิญชวนทั่วไป คัดเลือก เฉพาะเจาะจง,เฉพาะเจาะจง,-,1480,1480,1480,2568,26 พ.ย. 67,เพชรบูรณ์
4528718,67119092619,จ้างทำตรายางลงชื่อพร้อมตำแหน่ง โดยวิธีเฉพาะเจาะจง,จ้างทำของ/จ้างเหมาบริการ,องค์การบริหารส่วนตำบลเจดีย์หัก,องค์การบริหารส่วนตำบลเจดีย์หัก,วิธีการจัดหา ประกาศเชิญชวนทั่วไป คัดเลือก เฉพาะเจาะจง,เฉพาะเจาะจง,-,1480,1480,1480,2568,6 พ.ย. 67,ราชบุรี
4528719,67129311794,ซื้อวัสดุ จำนวน  5 รายการ โดยวิธีเฉพาะเจาะจง,ซื้อ,มหาวิทยาลัยราชภัฏเพชรบูรณ์,มหาวิทยาลัยราชภัฏเพชรบูรณ์,วิธีการจัดหา ประกาศเชิญชวนทั่วไป คัดเลือก เฉพาะเจาะจง,เฉพาะเจาะจง,-,1480,1480,1480,2568,12 ธ.ค. 67,เพชรบูรณ์
4528720,67129097411,จ้างทำตรายาง จำนวน 6 ดวง โดยวิธีเฉพาะเจาะจง,จ้างทำของ/จ้างเหมาบริการ,กรมตรวจบัญชีสหกรณ์,กรมตรวจบัญชีสหกรณ์,วิธีการจัดหา ประกาศเชิญชวนทั่วไป คัดเลือก เฉพาะเจาะจง,เฉพาะเจาะจง,-,1480,1480,1480,2568,9 ธ.ค. 67,กรุงเทพมหานคร
4528721,68019070624,จ้างเปลี่ยนถ่ายน้ำมันเครื่องรถยนต์หมายเลขทะเบียน ขห-1473 เชียงใหม่  โดยวิธีเฉพาะเจาะจง,จ้างทำของ/จ้างเหมาบริการ,โรงพยาบาลธัญญารักษ์เชียงใหม่,โรงพยาบาลธัญญารักษ์ เชียงใหม่,วิธีการจัดหา ประกาศเชิญชวนทั่วไป คัดเลือก เฉพาะเจาะจง,เฉพาะเจาะจง,-,1480,1480,1480,2568,13 ม.ค. 68,เชียงใหม่
4528722,68019377521,ซื้อวัสดุการเกษตร จำนวน 5 รายการ โดยวิธีเฉพาะเจาะจง,ซื้อ,กรมอุทยานแห่งชาติ สัตว์ป่า และพันธุ์พืช,โครงการฟาร์มตัวอย่างตามพระราชดำริบ้านดงเย็น่,วิธีการจัดหา ประกาศเชิญชวนทั่วไป คัดเลือก เฉพาะเจาะจง,เฉพาะเจาะจง,-,1480,1480,1480,2568,8 ม.ค. 68,เชียงใหม่
4528723,68019206432,"ซื้อLevofloxacin ๕๐๐ mg film-coated tablet, ๑๐ tablet จำนวน ๔๐ กล่อง โดยวิธีเฉพาะเจาะจง",ซื้อ,โรงพยาบาลสรรคบุรี,โรงพยาบาลสรรคบุรี,วิธีการจัดหา ประกาศเชิญชวนทั่วไป คัดเลือก เฉพาะเจาะจง,เฉพาะเจาะจง,-,1480,7200,1480,2568,7 ม.ค. 68,ชัยนาท
4528724,68019154016,ซื้ออะไหล่รถตักหน้าขุดหลัง JCB  รวม 1 รายการ สำหรับงานซ่อมแซม ทรบ.ปลายคลองส่งน้ำ 14 ขวา กม.9+400 โครงการส่งน้ำและบำรุงรักษาช่องแค ตำบลบางพึ่ง อำเภอบ้านหมี่ จังหวัดลพบุรี โดยวิธีเฉพาะเจาะจง,ซื้อ,กรมชลประทาน,โครงการส่งน้ำและบำรุงรักษาช่องแค (ลพบุรี) กรมชลประทาน,วิธีการจัดหา ประกาศเชิญชวนทั่วไป คัดเลือก เฉพาะเจาะจง,เฉพาะเจาะจง,-,1480,1480,1480,2568,13 ม.ค. 68,นครสวรรค์
4528725,68019138490,ซื้อวัสดุสำนักงาน โครงการส่งเสริมและพัฒนาผู้ประกอบการวิสาหกิจชุมชน  โดยวิธีเฉพาะเจาะจง,ซื้อ,กรมส่งเสริมการเกษตร,สำนักงานเกษตรอำเภอท่าวุ้ง,วิธีการจัดหา ประกาศเชิญชวนทั่วไป คัดเลือก เฉพาะเจาะจง,เฉพาะเจาะจง,-,1480,1480,1480,2568,7 ม.ค. 68,ลพบุรี
4528726,68019383954,ซื้อวัสดุไฟฟ้าและวิทยุ จำนวน 4 รายการ โดยวิธีเฉพาะเจาะจง,ซื้อ,โรงพยาบาลมะเร็งลพบุรี,โรงพยาบาลมะเร็งลพบุรี,วิธีการจัดหา ประกาศเชิญชวนทั่วไป คัดเลือก เฉพาะเจาะจง,เฉพาะเจาะจง,-,1480,1480,1480,2568,21 ม.ค. 68,ลพบุรี
4528727,67129340041,ซื้อวัสดุก่อสร้าง จำนวน 3 รายการ เพื่อใช้ในการซ่อมแซมคลองชลประทานที่ใช้ในการทำการเกษตร โดยวิธีเฉพาะเจาะจง,ซื้อ,องค์การบริหารส่วนตำบลชุมแพ,องค์การบริหารส่วนตำบลชุมแพ,วิธีการจัดหา ประกาศเชิญชวนทั่วไป คัดเลือก เฉพาะเจาะจง,เฉพาะเจาะจง,-,1480,1480,1480,2568,8 ม.ค. 68,ขอนแก่น
4528728,68019155545,จ้างเปลี่ยนถ่ายน้ำมันเครื่องรถยนต์หมายเลขทะเบียน กห-790 เชียงใหม่ โดยวิธีเฉพาะเจาะจง,จ้างทำของ/จ้างเหมาบริการ,โรงพยาบาลธัญญารักษ์เชียงใหม่,โรงพยาบาลธัญญารักษ์ เชียงใหม่,วิธีการจัดหา ประกาศเชิญชวนทั่วไป คัดเลือก เฉพาะเจาะจง,เฉพาะเจาะจง,-,1480,1480,1480,2568,15 ม.ค. 68,เชียงใหม่
4528729,67129387193,จ้างซ่อมเครื่องตัดหญ้า หมายเลข นค ๔๔๒-๕๗-๐๐๐๑ ของศูนย์พัฒนาเด็กเล็กบ้านผัง ๑๘ ประจำปีงบประมาณ พ.ศ.๒๕๖๘ โดยวิธีเฉพาะเจาะจง,จ้างทำของ/จ้างเหมาบริการ,องค์การบริหารส่วนตำบลนิคมพัฒนา,องค์การบริหารส่วนตำบลนิคมพัฒนา,วิธีการจัดหา ประกาศเชิญชวนทั่วไป คัดเลือก เฉพาะเจาะจง,เฉพาะเจาะจง,-,72500,1480,1480,2568,2 ม.ค. 68,สตูล
4528730,68019412248,ซื้อพัฒนาทักษะกระบวนการทางวิทยาศาสตร์ ของนักเรียนห้องเรียนพิเศษวิทยาศาสตร์ คณิตศาสตร์และภาษาอังกฤษ (SME) โรงเรียนห้องแซงวิทยาคม  โดยวิธีเฉพาะเจาะจง,ซื้อ,มหาวิทยาลัยนครพนม,คณะวิทยาศาสตร์ มหาวิทยาลัยนครพนม,วิธีการจัดหา ประกาศเชิญชวนทั่วไป คัดเลือก เฉพาะเจาะจง,เฉพาะเจาะจง,-,1480,1480,1480,2568,2 ม.ค. 68,นครพนม
4528731,68039111806,ซื้อมอบใบประกาศนียบัตรนักเรียน นักศึกษา ประจำปีการศึกษา 2567  โดยวิธีเฉพาะเจาะจง,ซื้อ,วิทยาลัยประมงชุมพรเขตรอุดมศักดิ์,วิทยาลัยประมงชุมพรเขตรอุดมศักดิ์,วิธีการจัดหา ประกาศเชิญชวนทั่วไป คัดเลือก เฉพาะเจาะจง,เฉพาะเจาะจง,-,1480,1480,1480,2568,5 มี.ค. 68,ชุมพร
4528732,68039502517,ซื้อยาจำนวน 1 รายการ โดยวิธีเฉพาะเจาะจง,ซื้อ,โรงพยาบาลเสริมงาม,โรงพยาบาลเสริมงาม,วิธีการจัดหา ประกาศเชิญชวนทั่วไป คัดเลือก เฉพาะเจาะจง,เฉพาะเจาะจง,-,1480,1480,1480,2568,21 มี.ค. 68,ลำปาง
4528733,68039542566,ซื้อวัสดุสำนักงาน โดยวิธีเฉพาะเจาะจง,ซื้อ,องค์การบริหารส่วนจังหวัดขอนแก่น,โรงพยาบาลส่งเสริมสุขภาพตำบลคำแมด,วิธีการจัดหา ประกาศเชิญชวนทั่วไป คัดเลือก เฉพาะเจาะจง,เฉพาะเจาะจง,-,1480,1480,1480,2568,3 มี.ค. 68,ขอนแก่น
4528734,68039050096,ซื้อครุภัณฑ์งานบ้านงานครัว รายการเครื่องชั่งแบบสปริง ขนาด 60 กิโลกรัม จำนวน 1 เครื่อง โดยวิธีเฉพาะเจาะจง,ซื้อ,สถาบันธัญญารักษ์,สถาบันบำบัดรักษาฟื้นฟูผู้ติดยาเสพติดแห่งชาติบรมราชชนนี,วิธีการจัดหา ประกาศเชิญชวนทั่วไป คัดเลือก เฉพาะเจาะจง,เฉพาะเจาะจง,-,1480,1480,1480,2568,6 มี.ค. 68,ปทุมธานี
4528735,68059355909,ซื้อวัสดุสำนักงาน จำนวน 4 รายการ โดยวิธีเฉพาะเจาะจง,ซื้อ,โรงพยาบาลมะเร็งลพบุรี,โรงพยาบาลมะเร็งลพบุรี,วิธีการจัดหา ประกาศเชิญชวนทั่วไป คัดเลือก เฉพาะเจาะจง,เฉพาะเจาะจง,-,1480,1480,1480,2568,21 พ.ค. 68,ลพบุรี
4528736,68059306775,จ้างโครงการอบรมเชิงปฏิบัติการการทำวิจัยในชั้นเรียน(Action Research)และการเขียนรายงานวิจัยเชิงวิชาการกิจกรรมอบรมเชิงปฏิบัติการพัฒนาครูในการเขียนวิจัยและการเขียนข้อเสนอผลงานวิจัย นวัตกรรมและสิ่งประดิษฐ์ งบประมาณ 2568 โดยวิธีเฉพาะเจาะจง,จ้างทำของ/จ้างเหมาบริการ,วิทยาลัยการอาชีพพิชัย,วิทยาลัยการอาชีพพิชัย อุตรดิตถ์,วิธีการจัดหา ประกาศเชิญชวนทั่วไป คัดเลือก เฉพาะเจาะจง,เฉพาะเจาะจง,-,1480,1480,1480,2568,14 พ.ค. 68,อุตรดิตถ์
4528737,68059257882,ซื้อวัสดุ-อุปกรณ์ติดตั้งสปริงเกอร์ จำนวน 5 รายการ โดยวิธีเฉพาะเจาะจง,ซื้อ,มหาวิทยาลัยราชภัฏอุบลราชธานี,มหาวิทยาลัยราชภัฏอุบลราชธานี,วิธีการจัดหา ประกาศเชิญชวนทั่วไป คัดเลือก เฉพาะเจาะจง,เฉพาะเจาะจง,-,1480,1480,1480,2568,16 พ.ค. 68,อุบลราชธานี
4528738,68059333713,ซื้อวัสดุงานวิทยบริการและห้องสมุด จำนวน 6 รายการ โดยวิธีเฉพาะเจาะจง,ซื้อ,วิทยาลัยสารพัดช่างพิจิตร,วิทยาลัยอาชีวศึกษาพิจิตร,วิธีการจัดหา ประกาศเชิญชวนทั่วไป คัดเลือก เฉพาะเจาะจง,เฉพาะเจาะจง,-,1480,1480,1480,2568,14 พ.ค. 68,พิจิตร
4528739,68059324170,จ้างซ่อมแซมเครื่องปรับกาอาศ กองคลัง โดยวิธีเฉพาะเจาะจง,จ้างทำของ/จ้างเหมาบริการ,เทศบาลตำบลโคกสะอาด,เทศบาลตำบลโคกสะอาด,วิธีการจัดหา ประกาศเชิญชวนทั่วไป คัดเลือก เฉพาะเจาะจง,เฉพาะเจาะจง,-,1480,1480,1480,2568,20 พ.ค. 68,ชัยภูมิ
4528740,68059199390,ซื้อวัสดุสำนักงาน โครงการส่งเสริมและพัฒนาผู้ประกอบการวิสาหกิจชุมชน จำนวน 4 รายการ เพื่อขับเคลื่อนการส่งเสริมวิสาหกิจชุมชนระดับอำเภอ  โดยวิธีเฉพาะเจาะจง,ซื้อ,กรมส่งเสริมการเกษตร,สำนักงานเกษตรอำเภอท่าวุ้ง,วิธีการจัดหา ประกาศเชิญชวนทั่วไป คัดเลือก เฉพาะเจาะจง,เฉพาะเจาะจง,-,1480,1480,1480,2568,15 พ.ค. 68,ลพบุรี
4528741,68059208675,จ้างโครงการเตรียมความพร้อมรับการประเมินองค์การมาตรฐานดีเด่น และพัฒนากิจกรรมนักเรียน นักศึกษา ประจำปีการศึกษา 2568 โดยวิธีเฉพาะเจาะจง,จ้างทำของ/จ้างเหมาบริการ,วิทยาลัยเทคโนโลยีและการจัดการปง,วิทยาลัยเทคโนโลยีและการจัดการปง,วิธีการจัดหา ประกาศเชิญชวนทั่วไป คัดเลือก เฉพาะเจาะจง,เฉพาะเจาะจง,-,1480,1480,1480,2568,13 พ.ค. 68,พะเยา
4528742,68059209491,ซื้อขออนุมัติจัดซื้อวัสดุเพื่อใช้ในการประชุมคณะอนุกรรมการอำเภอที่แต่งตั้งโดยคณะกรรมการส่งเสริมวิสาหกิจชุมชนจังหวัด โครงการส่งเสริมและพัฒนาผู้ประกอบการวิสาหกิจชุมชน กิจกรรมส่งเสริมและพัฒนาผู้ประกอบการวิสาหกิจชุมชน ประจำปีงบประมาณปี ๒๕๖๘ โดยวิธีเฉพาะเจาะจง,ซื้อ,กรมส่งเสริมการเกษตร,สำนักงานเกษตรอำเภอท่าหลวง,วิธีการจัดหา ประกาศเชิญชวนทั่วไป คัดเลือก เฉพาะเจาะจง,เฉพาะเจาะจง,-,1480,1480,1480,2568,15 พ.ค. 68,ลพบุรี
4528743,68059354343,ซื้อวัสดุสำนักงาน สำหรับใช้ในโครงการส่งเสริมและพัฒนาผู้ประกอบการวิสาหกิจชุมชน โดยวิธีเฉพาะเจาะจง,ซื้อ,กรมส่งเสริมการเกษตร,สำนักงานเกษตรอำเภอโคกสำโรง,วิธีการจัดหา ประกาศเชิญชวนทั่วไป คัดเลือก เฉพาะเจาะจง,เฉพาะเจาะจง,-,1480,1480,1480,2568,19 พ.ค. 68,ลพบุรี
4528744,68059412106,จ้างถ่ายเอกสารการประชุมประจำเดือนผู้อำนวยการกลุ่มงานฯ พัฒนาการอำเภอ และเจ้าหน้าที่พัฒนาชุมชนระดับจังหวัด ครั้งที่ 4/2568 โดยวิธีเฉพาะเจาะจง,จ้างทำของ/จ้างเหมาบริการ,กรมการพัฒนาชุมชน,สำนักงานพัฒนาชุมชนจังหวัดสุราษฏร์ธานี,วิธีการจัดหา ประกาศเชิญชวนทั่วไป คัดเลือก เฉพาะเจาะจง,เฉพาะเจาะจง,-,1480,1480,1480,2568,26 พ.ค. 68,สุราษฎร์ธานี
4528745,68079305074,ซื้อวัสดุการเกษตรจำนวน ๒ รายการ  กองสาธารณสุขและสิ่งแวดล้อม  โดยวิธีเฉพาะเจาะจง,ซื้อ,เทศบาลตำบลทับสะแก,เทศบาลตำบลทับสะแก,วิธีการจัดหา ประกาศเชิญชวนทั่วไป คัดเลือก เฉพาะเจาะจง,เฉพาะเจาะจง,-,1480,1480,1480,2568,18 ก.ค. 68,ประจวบคีรีขันธ์
4528746,68079073533,จ้างซ่อมแซมครุภัณฑ์งานบ้านงานครัว รายการ เครื่องตัดหญ้า (กองการศึกษาฯ) โดยวิธีเฉพาะเจาะจง,จ้างทำของ/จ้างเหมาบริการ,องค์การบริหารส่วนตำบลหนองบัวศาลา,องค์การบริหารส่วนตำบลหนองบัวศาลา,วิธีการจัดหา ประกาศเชิญชวนทั่วไป คัดเลือก เฉพาะเจาะจง,เฉพาะเจาะจง,-,1480,1480,1480,2568,3 ก.ค. 68,นครราชสีมา
4528747,68079484897,ซื้อตรายางโลโก้ ของศูนย์พัฒนาเด็กเล็กทั้ง ๔ แห่ง ในสังกัดกองการศึกษา ศาสนาและวัฒนธรรม องค์การบริหารส่วนตำบลท่าพระ โดยวิธีเฉพาะเจาะจง,ซื้อ,องค์การบริหารส่วนตำบลท่าพระ,องค์การบริหารส่วนตำบลท่าพระ,วิธีการจัดหา ประกาศเชิญชวนทั่วไป คัดเลือก เฉพาะเจาะจง,เฉพาะเจาะจง,-,1480,1480,1480,2568,7 ก.ค. 68,ขอนแก่น
4528748,68079634532,จ้างซ่อมแซมครุภัณฑ์คอมพิวเตอร์ โน้ตบุ๊ค หมายเลขครุภัณฑ์ ๔๑๖-๖๗-๐๐๑๐ จำนวน ๑ เครื่อง  โดยวิธีเฉพาะเจาะจง,จ้างทำของ/จ้างเหมาบริการ,เทศบาลตำบลบางขะแยง,เทศบาลตำบลบางขะแยง,วิธีการจัดหา ประกาศเชิญชวนทั่วไป คัดเลือก เฉพาะเจาะจง,เฉพาะเจาะจง,-,1480,1480,1480,2568,30 ก.ค. 68,ปทุมธานี
4528749,68079585291,จ้างทำตรายาง ของกองคลัง เทศบาลตำบลร่อนพิบูลย์ โดยวิธีเฉพาะเจาะจง,จ้างทำของ/จ้างเหมาบริการ,เทศบาลตำบลร่อนพิบูลย์,เทศบาลตำบลร่อนพิบูลย์,วิธีการจัดหา ประกาศเชิญชวนทั่วไป คัดเลือก เฉพาะเจาะจง,เฉพาะเจาะจง,-,1480,1480,1480,2568,25 ก.ค. 68,นครศรีธรรมราช
4528750,68079436929,จ้างซ่อมแซมบำรุงรักษาคอมพิวเตอร์ จำนวน ๑ รายการ (กองการศึกษา) โดยวิธีเฉพาะเจาะจง,จ้างทำของ/จ้างเหมาบริการ,เทศบาลตำบลเมืองชุม,เทศบาลตำบลเมืองชุม,วิธีการจัดหา ประกาศเชิญชวนทั่วไป คัดเลือก เฉพาะเจาะจง,เฉพาะเจาะจง,-,1480,1480,1480,2568,22 ก.ค. 68,เชียงราย
4528751,68079503997,จ้างซ่อมผ้า โดยวิธีเฉพาะเจาะจง,จ้างทำของ/จ้างเหมาบริการ,โรงพยาบาลสิชล,โรงพยาบาลสิชล,วิธีการจัดหา ประกาศเชิญชวนทั่วไป คัดเลือก เฉพาะเจาะจง,เฉพาะเจาะจง,-,1480,1480,1480,2568,21 ก.ค. 68,นครศรีธรรมราช
4528752,68079002888,จ้างเหมาจัดทำป้ายไวนิลเลือกตั้งสมาชิกสภาองค์การบริหารส่วนตำบลสมสมสะอาด โดยวิธีเฉพาะเจาะจง,จ้างทำของ/จ้างเหมาบริการ,องค์การบริหารส่วนตำบลสมสะอาด,องค์การบริหารส่วนตำบลสมสะอาด,วิธีการจัดหา ประกาศเชิญชวนทั่วไป คัดเลือก เฉพาะเจาะจง,เฉพาะเจาะจง,-,1480,1480,1480,2568,1 ก.ค. 68,อุบลราชธานี
4528753,68079525940,ซื้อวัสดุอุปกรณ์ในการจัดทำโครงการกิจกรรมพัฒนาเด็กปฐมวัย (หนูน้อยวัยใส สืบสานภูมิปัญญาท้องถิ่น)  จำนวน 7 รายการ  (ตามรายละเอียดแนบท้าย)  โดยวิธีเฉพาะเจาะจง,ซื้อ,เทศบาลตำบลจอมแจ้ง,ศูนย์พัฒนาเด็กเล็กเทศบาลตำบลจอมแจ้ง,วิธีการจัดหา ประกาศเชิญชวนทั่วไป คัดเลือก เฉพาะเจาะจง,เฉพาะเจาะจง,-,1480,1480,1480,2568,22 ก.ค. 68,เชียงใหม่
4528754,68079449765,จ้างบำรุงรักษาและซ่อมแซมคอมพิวเตอร์ สำหรับสำนักปลัด โดยวิธีเฉพาะเจาะจง,จ้างทำของ/จ้างเหมาบริการ,องค์การบริหารส่วนตำบลทุ่งคาวัด,องค์การบริหารส่วนตำบลทุ่งคาวัด,วิธีการจัดหา ประกาศเชิญชวนทั่วไป คัดเลือก เฉพาะเจาะจง,เฉพาะเจาะจง,-,2725,1480,1480,2568,23 ก.ค. 68,ชุมพร
4528755,68069590790,จ้างซ่อมเครื่องคอมพิวเตอร์  จำนวน  ๒ เครื่อง โดยวิธีเฉพาะเจาะจง,จ้างทำของ/จ้างเหมาบริการ,เทศบาลตำบลร่มเมือง,เทศบาลตำบลร่มเมือง,วิธีการจัดหา ประกาศเชิญชวนทั่วไป คัดเลือก เฉพาะเจาะจง,เฉพาะเจาะจง,-,1480,1480,1480,2568,2 ก.ค. 68,พัทลุง
4528756,68079628776,จ้างทำอาหารกลางวัน(กิจกรรมประชุมผู้ปกครองนักเรียนเรียนรวม) โดยวิธีเฉพาะเจาะจง,จ้างทำของ/จ้างเหมาบริการ,โรงเรียนอนุบาลลืออำนาจ (ชุมชนเปือยหัวดง),โรงเรียนอนุบาลลืออำนาจ (ชุมชนเปือยหัวดง),วิธีการจัดหา ประกาศเชิญชวนทั่วไป คัดเลือก เฉพาะเจาะจง,เฉพาะเจาะจง,-,1480,1480,1480,2568,15 ก.ค. 68,อำนาจเจริญ
4528757,68079240862,ซื้อตรายาง โดยวิธีเฉพาะเจาะจง,ซื้อ,องค์การบริหารส่วนตำบลหนองตรุด,องค์การบริหารส่วนตำบลหนองตรุด,วิธีการจัดหา ประกาศเชิญชวนทั่วไป คัดเลือก เฉพาะเจาะจง,เฉพาะเจาะจง,-,1480,1480,1480,2568,14 ก.ค. 68,ตรัง
4528758,68079045841,ซื้อวัสดุงานบ้านงานครัว โดยวิธีเฉพาะเจาะจง,ซื้อ,เทศบาลตำบลเวียง,เทศบาลตำบลเวียง,วิธีการจัดหา ประกาศเชิญชวนทั่วไป คัดเลือก เฉพาะเจาะจง,เฉพาะเจาะจง,-,1480,1480,1480,2568,7 ก.ค. 68,สุราษฎร์ธานี
4528759,68079242627,จ้างเหมาจัดทำตรายาง (สำนักปลัด) โดยวิธีเฉพาะเจาะจง,จ้างทำของ/จ้างเหมาบริการ,เทศบาลตำบลหนองสนม,เทศบาลตำบลหนองสนม,วิธีการจัดหา ประกาศเชิญชวนทั่วไป คัดเลือก เฉพาะเจาะจง,เฉพาะเจาะจง,-,1480,1480,1480,2568,14 ก.ค. 68,สกลนคร
4528760,68079126103,ซื้อวัสดุโครงการเสริมสร้างและพัฒนาผู้นำการเปลี่ยนแปลง กิจกรรมที่ 11 เผยแพร่ประชาสัมพันธ์และขยายผลสู่ความยั่งยืน กิจกรรมย่อยที่ 11.1 จัดมหกรรมแสดงความสำเร็จของผู้นำการเปลี่ยนแปลง  โดยวิธีเฉพาะเจาะจง,ซื้อ,กรมการพัฒนาชุมชน,ศูนย์ศึกษาและพัฒนาชุมชนนครนายก,วิธีการจัดหา ประกาศเชิญชวนทั่วไป คัดเลือก เฉพาะเจาะจง,เฉพาะเจาะจง,-,1480,1480,1480,2568,3 ก.ค. 68,นครนายก
4528761,68079520350,"ซื้อยา FAMOTIDINE TAB ๒๐ MG ๑๐๐ TAB, ยา DIPHENHYDRAMINE CAP ๒๕ MG ๑๐๐๐ TAB โดยวิธีเฉพาะเจาะจง",ซื้อ,โรงพยาบาลเจ้าพระยาอภัยภูเบศร,โรงพยาบาลเจ้าพระยาอภัยภูเบศร,วิธีการจัดหา ประกาศเชิญชวนทั่วไป คัดเลือก เฉพาะเจาะจง,เฉพาะเจาะจง,-,1480,1480,1480,2568,4 ก.ค. 68,ปราจีนบุรี
4528762,68079254167,จ้างเหมาบริการปรับปรุงป้ายทำเนียบผู้บริหาร และป้ายชื่อ โดยวิธีเฉพาะเจาะจง,จ้างทำของ/จ้างเหมาบริการ,เทศบาลตำบลสันทราย,เทศบาลตำบลสันทราย,วิธีการจัดหา ประกาศเชิญชวนทั่วไป คัดเลือก เฉพาะเจาะจง,เฉพาะเจาะจง,-,1480,1480,1480,2568,14 ก.ค. 68,เชียงราย
4528763,68079491988,ซื้อวัสดุคอมพิวเตอร์  โดยวิธีเฉพาะเจาะจง,ซื้อ,โรงพยาบาลป่าบอน,โรงพยาบาลป่าบอน,วิธีการจัดหา ประกาศเชิญชวนทั่วไป คัดเลือก เฉพาะเจาะจง,เฉพาะเจาะจง,-,1480,1480,1480,2568,22 ก.ค. 68,พัทลุง
4528764,68079480348,ซื้อวัสดุไฟฟ้าและวิทยุ จำนวน ๑ โครงการ โดยวิธีเฉพาะเจาะจง,ซื้อ,โรงพยาบาลท่าวุ้ง,โรงพยาบาลท่าวุ้ง,วิธีการจัดหา ประกาศเชิญชวนทั่วไป คัดเลือก เฉพาะเจาะจง,เฉพาะเจาะจง,-,1480,1480,1480,2568,18 ก.ค. 68,ลพบุรี
4528765,68079229570,ซื้อแก๊สหุงต้ม โดยวิธีเฉพาะเจาะจง,ซื้อ,สาธิตมหาวิทยาลัยราชภัฏเชียงใหม่,สาธิตมหาวิทยาลัยราชภัฏเชียงใหม่,วิธีการจัดหา ประกาศเชิญชวนทั่วไป คัดเลือก เฉพาะเจาะจง,เฉพาะเจาะจง,-,1480,1480,1480,2568,4 ก.ค. 68,เชียงใหม่
4528766,68079321777,จ้างทำตรายาง (กองการเจ้าหน้าที่) โดยวิธีเฉพาะเจาะจง,จ้างทำของ/จ้างเหมาบริการ,เทศบาลตำบลหลักห้า,เทศบาลตำบลหลักห้า,วิธีการจัดหา ประกาศเชิญชวนทั่วไป คัดเลือก เฉพาะเจาะจง,เฉพาะเจาะจง,-,1480,1480,1480,2568,17 ก.ค. 68,สมุทรสาคร
4528767,68079267277,ซื้อวัสดุสำนักงาน โครงการส่งเสริมการจัดการสุขภาพพืชเพื่อเพิ่มประสิทธิภาพการผลิตสินค้าเกษตร โดยวิธีเฉพาะเจาะจง,ซื้อ,กรมส่งเสริมการเกษตร,สำนักงานเกษตรจังหวัดลำปาง,วิธีการจัดหา ประกาศเชิญชวนทั่วไป คัดเลือก เฉพาะเจาะจง,เฉพาะเจาะจง,-,1480,1480,1480,2568,15 ก.ค. 68,ลำปาง
4528768,68109179480,ซื้อแก๊สหุงต้ม โดยวิธีเฉพาะเจาะจง,ซื้อ,สาธิตมหาวิทยาลัยราชภัฏเชียงใหม่,สาธิตมหาวิทยาลัยราชภัฏเชียงใหม่,วิธีการจัดหา ประกาศเชิญชวนทั่วไป คัดเลือก เฉพาะเจาะจง,เฉพาะเจาะจง,-,1480,1480,1480,2568,26 ก.ย. 68,เชียงใหม่
4528769,68099619259,ซื้อวัสดุโฆษณาและเผยแพร่ จำนวน ๒ รายการ  โดยวิธีเฉพาะเจาะจง,ซื้อ,กรมสนับสนุนบริการสุขภาพ,ศูนย์สนับสนุนบริการสุขภาพที่ 12,วิธีการจัดหา ประกาศเชิญชวนทั่วไป คัดเลือก เฉพาะเจาะจง,เฉพาะเจาะจง,-,1480,1480,1480,2568,24 ก.ย. 68,สงขลา
4528770,68099534745,ซื้อแก๊สหุงต้ม โดยวิธีเฉพาะเจาะจง,ซื้อ,สาธิตมหาวิทยาลัยราชภัฏเชียงใหม่,สาธิตมหาวิทยาลัยราชภัฏเชียงใหม่,วิธีการจัดหา ประกาศเชิญชวนทั่วไป คัดเลือก เฉพาะเจาะจง,เฉพาะเจาะจง,-,1480,1480,1480,2568,12 ก.ย. 68,เชียงใหม่
4528771,68099471804,ซื้อวัสดุการเเพทย์ จำนวน ๑ รายการ โดยวิธีเฉพาะเจาะจง,ซื้อ,โรงพยาบาลบางไทร,โรงพยาบาลบางไทร,วิธีการจัดหา ประกาศเชิญชวนทั่วไป คัดเลือก เฉพาะเจาะจง,เฉพาะเจาะจง,-,1480,1480,1480,2568,10 ก.ย. 68,พระนครศรีอยุธยา
4528772,68099245692,จ้างซ่อมเลื่อยยนต์ จำนวน ๓ เครื่อง  โดยวิธีเฉพาะเจาะจง,จ้างทำของ/จ้างเหมาบริการ,เทศบาลเมืองนครนายก,เทศบาลเมืองนครนายก,วิธีการจัดหา ประกาศเชิญชวนทั่วไป คัดเลือก เฉพาะเจาะจง,เฉพาะเจาะจง,-,1480,1480,1480,2568,12 ก.ย. 68,นครนายก
4528773,68099024954,จ้างเหมาทำตรายาง เพื่อใช้ในการปฏิบัติงานราชการ อบต.หนองขอน (กองสวัสดิการและสังคม) โดยวิธีเฉพาะเจาะจง,จ้างทำของ/จ้างเหมาบริการ,องค์การบริหารส่วนตำบลหนองขอน,องค์การบริหารส่วนตำบลหนองขอน,วิธีการจัดหา ประกาศเชิญชวนทั่วไป คัดเลือก เฉพาะเจาะจง,เฉพาะเจาะจง,-,1480,1480,1480,2568,1 ก.ย. 68,อุบลราชธานี
4528774,68099595448,ซื้อวัสดุเชื้อเพลิงและหล่อลื่น จำนวน ๑ รายการ โดยวิธีเฉพาะเจาะจง,ซื้อ,องค์การบริหารส่วนตำบลเพนียด,องค์การบริหารส่วนตำบลเพนียด,วิธีการจัดหา ประกาศเชิญชวนทั่วไป คัดเลือก เฉพาะเจาะจง,เฉพาะเจาะจง,-,1480,1480,1480,2568,16 ก.ย. 68,ลพบุรี
4528775,68099045314,ซื้อครุภัณฑ์สำนักงาน ได้แก่เครื่องโทรศัพท์พื้นฐาน จำนวน ๑ เครื่อง เพื่อใช้สื่อสารในงานกู้ชีพของ องค์การบริหารส่วนตำบลแม่ทา โดยวิธีเฉพาะเจาะจง,ซื้อ,องค์การบริหารส่วนตำบลแม่ทา,องค์การบริหารส่วนตำบลแม่ทา,วิธีการจัดหา ประกาศเชิญชวนทั่วไป คัดเลือก เฉพาะเจาะจง,เฉพาะเจาะจง,-,1490,1490,1480,2568,2 ก.ย. 68,เชียงใหม่
4528776,68099553903,ซื้อวัสดุสำนักงาน โดยวิธีเฉพาะเจาะจง,ซื้อ,สำนักงานปลัดกระทรวงสาธารณสุข,สำนักงานสาธารณสุข อุบลราชธานี,วิธีการจัดหา ประกาศเชิญชวนทั่วไป คัดเลือก เฉพาะเจาะจง,เฉพาะเจาะจง,-,1480,1480,1480,2568,18 ก.ย. 68,อุบลราชธานี
4528777,68089053468,ซื้ออะไหล่สำหรับซ่อมแซมครุภัณฑ์งานบ้านงานครัว จำนวน ๑ รายการ   โดยวิธีเฉพาะเจาะจง,ซื้อ,โรงพยาบาลเพชรบูรณ์,โรงพยาบาลเพชรบูรณ์,วิธีการจัดหา ประกาศเชิญชวนทั่วไป คัดเลือก เฉพาะเจาะจง,เฉพาะเจาะจง,-,1480,1480,1480,2568,10 ก.ย. 68,เพชรบูรณ์
4528778,68099517815,จ้างเหมาซ่อมรถบรรทุกน้ำอเนกประสงค์ (เปลี่ยนชุดย่อยเพลาเกียร์ฝาก) โดยวิธีเฉพาะเจาะจง,จ้างทำของ/จ้างเหมาบริการ,องค์การบริหารส่วนตำบลงัวบา,องค์การบริหารส่วนตำบลงัวบา,วิธีการจัดหา ประกาศเชิญชวนทั่วไป คัดเลือก เฉพาะเจาะจง,เฉพาะเจาะจง,-,1480,1480,1480,2568,19 ก.ย. 68,มหาสารคาม
4528779,68099427648,ซื้อวัสดุก่อสร้าง จำนวน ๑๒ รายการ ของสำนักปลัด โดยวิธีเฉพาะเจาะจง,ซื้อ,องค์การบริหารส่วนตำบลคลองกวาง,องค์การบริหารส่วนตำบลคลองกวาง,วิธีการจัดหา ประกาศเชิญชวนทั่วไป คัดเลือก เฉพาะเจาะจง,เฉพาะเจาะจง,-,1500,1480,1480,2568,19 ก.ย. 68,สงขลา
4528780,68099134330,ซื้อวัสดุอุปกรณ์ เพื่อใช้ในโครงการอบรมคุณธรรมจริยธรรมระดับปฐมวัย  โดยวิธีเฉพาะเจาะจง,ซื้อ,โรงเรียนเทศบาล 2 วัดพระทรง,โรงเรียนเทศบาล 2 วัดพระทรง,วิธีการจัดหา ประกาศเชิญชวนทั่วไป คัดเลือก เฉพาะเจาะจง,เฉพาะเจาะจง,-,1480,1480,1480,2568,3 ก.ย. 68,เพชรบุรี
4528781,68099415727,จ้างซ่อมเปลี่ยนอะไหล่เครื่องตัดหญ้า ยี่ห้อ Makita รหัสพัสดุ 714-65-0002 โดยวิธีเฉพาะเจาะจง,จ้างทำของ/จ้างเหมาบริการ,เทศบาลตำบลเหนือคลอง,เทศบาลตำบลเหนือคลอง,วิธีการจัดหา ประกาศเชิญชวนทั่วไป คัดเลือก เฉพาะเจาะจง,เฉพาะเจาะจง,-,1480,1480,1480,2568,16 ก.ย. 68,กระบี่
4528782,68099378908,ซื้อชุดยาสามัญประจำบ้าน โครงการกิจกรรมส่งเสริมพัฒนาผู้เรียน(ทัศนคึกษา) ปีการศึกษา 2568 โดยวิธีเฉพาะเจาะจง,ซื้อ,ศูนย์พัฒนาเด็กเล็กวัดราษฎร์บำรุง,ศูนย์พัฒนาเด็กเล็กวัดราษฎร์บำรุง,วิธีการจัดหา ประกาศเชิญชวนทั่วไป คัดเลือก เฉพาะเจาะจง,เฉพาะเจาะจง,-,1480,1480,1480,2568,9 ก.ย. 68,หนองบัวลำภู
4528783,68099371099,ซื้อโครงการพัฒนาคุณภาพงานวิชาการและการเรียนรู้เพื่อยกระดับผลสัมฤทธิ์ทางการเรียนรู้ โดยวิธีเฉพาะเจาะจง,ซื้อ,โรงเรียนห้วยขี้นกวิทยา,โรงเรียนห้วยขี้นกวิทยา,วิธีการจัดหา ประกาศเชิญชวนทั่วไป คัดเลือก เฉพาะเจาะจง,เฉพาะเจาะจง,-,1480,1480,1480,2568,5 ก.ย. 68,ลำปาง
4528784,68109097190,จ้างทำฟันเทียม โดยวิธีเฉพาะเจาะจง,จ้างทำของ/จ้างเหมาบริการ,โรงพยาบาลค่ายสุริยพงษ์,โรงพยาบาลค่ายสุริยพงษ์,วิธีการจัดหา ประกาศเชิญชวนทั่วไป คัดเลือก เฉพาะเจาะจง,เฉพาะเจาะจง,-,1480,1480,1480,2568,17 ก.ย. 68,น่าน
4528785,68099284908,ซื้อวัสดุเกษตร โดยวิธีเฉพาะเจาะจง,ซื้อ,เทศบาลตำบลลานข่อย,เทศบาลตำบลลานข่อย,วิธีการจัดหา ประกาศเชิญชวนทั่วไป คัดเลือก เฉพาะเจาะจง,เฉพาะเจาะจง,-,1480,1480,1480,2568,10 ก.ย. 68,พัทลุง
4528786,68099267102,ซื้อวัสดุสํานักงาน (กองสาธารณสุขและสิ่งแวดล้อม) จำนวน ๖ รายการ โดยวิธีเฉพาะเจาะจง,ซื้อ,องค์การบริหารส่วนตำบลแจงงาม,องค์การบริหารส่วนตำบลแจงงาม,วิธีการจัดหา ประกาศเชิญชวนทั่วไป คัดเลือก เฉพาะเจาะจง,เฉพาะเจาะจง,-,1480,1480,1480,2568,8 ก.ย. 68,สุพรรณบุรี
4528787,68099550183,ซื้อวัสดุยานพาหนะและขนส่ง จำนวน 5 รายการ (สำนักปลัด) โดยวิธีเฉพาะเจาะจง,ซื้อ,เทศบาลตำบลหนองผึ้ง,เทศบาลตำบลหนองผึ้ง,วิธีการจัดหา ประกาศเชิญชวนทั่วไป คัดเลือก เฉพาะเจาะจง,เฉพาะเจาะจง,-,1480,1480,1480,2568,22 ก.ย. 68,เชียงใหม่
4528788,68099301517,ซื้อการจัดซื้อวัสดุคอมพิวเตอร์ (โทนเนอร์และหมึกเครื่องพิมพ์)โรงพยาบาลส่งเสริมสุขภาพตำบลบ้านแม่สะป๊วด ประจำปีงบประมาณ ๒๕๖๘ โดยวิธีเฉพาะเจาะจง,ซื้อ,องค์การบริหารส่วนจังหวัดลำพูน,โรงพยาบาลส่งเสริมสุขภาพตำบลบ้านแม่สะป๊วด,วิธีการจัดหา ประกาศเชิญชวนทั่วไป คัดเลือก เฉพาะเจาะจง,เฉพาะเจาะจง,-,13000,1480,1480,2568,10 ก.ย. 68,ลำพูน
4528789,68099247557,ซื้อวัสดุสำนักงาน จำนวน ๒ รายการ (สำนักปลัด) โดยวิธีเฉพาะเจาะจง,ซื้อ,องค์การบริหารส่วนตำบลหาดคัมภีร์,องค์การบริหารส่วนตำบลหาดคัมภีร์,วิธีการจัดหา ประกาศเชิญชวนทั่วไป คัดเลือก เฉพาะเจาะจง,เฉพาะเจาะจง,-,1480,1480,1480,2568,5 ก.ย. 68,เลย
4528790,68099109851,ซื้อวัสดุก่อสร้าง โดยวิธีเฉพาะเจาะจง,ซื้อ,เทศบาลตำบลบางม่วง,เทศบาลตำบลบางม่วง,วิธีการจัดหา ประกาศเชิญชวนทั่วไป คัดเลือก เฉพาะเจาะจง,เฉพาะเจาะจง,-,1480,1480,1480,2568,3 ก.ย. 68,นนทบุรี
4528791,68099358212,ซื้อวัสดุคอมพิวเตอร์ ของกองช่าง โดยวิธีเฉพาะเจาะจง,ซื้อ,เทศบาลตำบลกองควาย,เทศบาลตำบลกองควาย,วิธีการจัดหา ประกาศเชิญชวนทั่วไป คัดเลือก เฉพาะเจาะจง,เฉพาะเจาะจง,-,1480,1480,1480,2568,16 ก.ย. 68,น่าน
4528792,68099606180,ซื้อปลั๊กไฟฟ้า โดยวิธีเฉพาะเจาะจง,ซื้อ,กรมบัญชีกลาง,สำนักงานคลังจังหวัดฉะเชิงเทรา,วิธีการจัดหา ประกาศเชิญชวนทั่วไป คัดเลือก เฉพาะเจาะจง,เฉพาะเจาะจง,-,1480,1480,1480,2568,25 ก.ย. 68,ฉะเชิงเทรา
4528793,68109025180,ซื้อวัสดุวิทยาศาสตร์และการแพทย์  โดยวิธีเฉพาะเจาะจง,ซื้อ,โรงพยาบาลป่าพะยอม,โรงพยาบาลป่าพะยอม,วิธีการจัดหา ประกาศเชิญชวนทั่วไป คัดเลือก เฉพาะเจาะจง,เฉพาะเจาะจง,-,1480,1480,1480,2568,29 ก.ย. 68,พัทลุง
4528794,68089147358,ซื้อวัสดุงานบ้านงานครัว จำนวน 6 รายการ (สำนักปลัด) โดยวิธีเฉพาะเจาะจง,ซื้อ,องค์การบริหารส่วนตำบลเกิ้ง,องค์การบริหารส่วนตำบลเกิ้ง,วิธีการจัดหา ประกาศเชิญชวนทั่วไป คัดเลือก เฉพาะเจาะจง,เฉพาะเจาะจง,-,1480,1480,1480,2568,5 ก.ย. 68,มหาสารคาม
4528795,68099346655,ซื้อวัสดุยานพาหนะและขนส่ง โดยวิธีเฉพาะเจาะจง,ซื้อ,เทศบาลตำบลท่าลาน,เทศบาลตำบลท่าลาน,วิธีการจัดหา ประกาศเชิญชวนทั่วไป คัดเลือก เฉพาะเจาะจง,เฉพาะเจาะจง,-,1480,1480,1480,2568,2 ก.ย. 68,สระบุรี
4528796,68099337644,จ้างซ่อมเเซมรถจักรยานยนต์ หมายเลขทะเบียน กวง ๑๘๔ พิจิตร โดยวิธีเฉพาะเจาะจง,จ้างทำของ/จ้างเหมาบริการ,องค์การบริหารส่วนตำบลวังทับไทร,องค์การบริหารส่วนตำบลวังทับไทร,วิธีการจัดหา ประกาศเชิญชวนทั่วไป คัดเลือก เฉพาะเจาะจง,เฉพาะเจาะจง,-,1480,1480,1480,2568,15 ก.ย. 68,พิจิตร
4528797,68099196858,ซื้อวัสดุสำนักงาน (กระดาษเอ๔) โดยวิธีเฉพาะเจาะจง,ซื้อ,กรมพัฒนาสังคมและสวัสดิการ,ศูนย์คุ้มครองคนไร้ที่พึ่งจังหวัดเชียงใหม่,วิธีการจัดหา ประกาศเชิญชวนทั่วไป คัดเลือก เฉพาะเจาะจง,เฉพาะเจาะจง,-,1480,1480,1480,2568,5 ก.ย. 68,เชียงใหม่
4528798,68099345837,ซื้อวัสดุวิทยาศาสตร์การแพทย์ จำนวน ๑ รายการ โดยวิธีเฉพาะเจาะจง,ซื้อ,โรงพยาบาลตะโหมด,โรงพยาบาลตะโหมด,วิธีการจัดหา ประกาศเชิญชวนทั่วไป คัดเลือก เฉพาะเจาะจง,เฉพาะเจาะจง,-,1480,1480,1480,2568,10 ก.ย. 68,พัทลุง
4528799,68099305145,ซื้อวัสดุสำนักงาน จำนวน ๒ รายการ (สำนักปลัด)  โดยวิธีเฉพาะเจาะจง,ซื้อ,องค์การบริหารส่วนตำบลหาดคัมภีร์,องค์การบริหารส่วนตำบลหาดคัมภีร์,วิธีการจัดหา ประกาศเชิญชวนทั่วไป คัดเลือก เฉพาะเจาะจง,เฉพาะเจาะจง,-,1480,1480,1480,2568,5 ก.ย. 68,เลย
4528800,68089448856,ซื้อวัสดุงานบ้านงานครัว จำนวน 1 รายการ สำหรับ ศพด.ทต.ท่าทอง สังกัด กองการศึกษา เทศบาลตำบลท่าทอง ประจำปีงบประมาณ 2568 โดยวิธีเฉพาะเจาะจง,ซื้อ,เทศบาลตำบลท่าทอง,เทศบาลตำบลท่าทอง,วิธีการจัดหา ประกาศเชิญชวนทั่วไป คัดเลือก เฉพาะเจาะจง,เฉพาะเจาะจง,-,1480,1480,1480,2568,4 ก.ย. 68,พิษณุโลก
4528801,68089427324,ซื้อวัสดุยานพาหนะและขนส่ง  จำนวน 1 รายการ โดยวิธีเฉพาะเจาะจง,ซื้อ,เทศบาลเมืองนราธิวาส,เทศบาลเมืองนราธิวาส,วิธีการจัดหา ประกาศเชิญชวนทั่วไป คัดเลือก เฉพาะเจาะจง,เฉพาะเจาะจง,-,1480,1480,1480,2568,8 ก.ย. 68,นราธิวาส
4528802,68099107588,ซื้ออุปกรณ์ซ่อมรถทะเบียน 81-6524 จำนวน 2 รายการ สำนักช่าง ส่วนการโยธา งานศูนย์เครื่องจักรกล โดยวิธีเฉพาะเจาะจง,ซื้อ,เทศบาลนครอุบลราชธานี,เทศบาลนครอุบลราชธานี,วิธีการจัดหา ประกาศเชิญชวนทั่วไป คัดเลือก เฉพาะเจาะจง,เฉพาะเจาะจง,-,1480,1480,1480,2568,3 ก.ย. 68,อุบลราชธานี
4528803,68099402614,จ้างเหมาบริการ (ถ่ายเอกสาร) โดยวิธีเฉพาะเจาะจง,จ้างทำของ/จ้างเหมาบริการ,องค์การบริหารส่วนตำบลบ้านแป้ง,องค์การบริหารส่วนตำบลบ้านแป้ง,วิธีการจัดหา ประกาศเชิญชวนทั่วไป คัดเลือก เฉพาะเจาะจง,เฉพาะเจาะจง,-,1480,1480,1480,2568,17 ก.ย. 68,สิงห์บุรี
4528804,68099437378,จ้างเหมาซ่อมแซมจอคอมพิวเตอร์ รหัสครุภัณฑ์ ๔๑๖ ๖๓ ๐๐๖๑ จำนวน ๑ เครื่อง  โดยวิธีเฉพาะเจาะจง,จ้างทำของ/จ้างเหมาบริการ,เทศบาลตำบลด่านมะขามเตี้ย,เทศบาลตำบลด่านมะขามเตี้ย,วิธีการจัดหา ประกาศเชิญชวนทั่วไป คัดเลือก เฉพาะเจาะจง,เฉพาะเจาะจง,-,1480,1480,1480,2568,16 ก.ย. 68,กาญจนบุรี
4528805,68099425995,ซื้อน้ำมันเชื้อเพลิงและหล่อลื่น (กองสาธารณสุขฯ) โดยวิธีเฉพาะเจาะจง,ซื้อ,เทศบาลตำบลบ้านเชียง,เทศบาลตำบลบ้านเชียง,วิธีการจัดหา ประกาศเชิญชวนทั่วไป คัดเลือก เฉพาะเจาะจง,เฉพาะเจาะจง,-,1480,1480,1480,2568,12 ก.ย. 68,อุดรธานี
4528806,68099004454,จ้างซ่อมรถจักรยานยนต์ โดยวิธีเฉพาะเจาะจง,จ้างทำของ/จ้างเหมาบริการ,องค์การบริหารส่วนตำบลนาพญา,องค์การบริหารส่วนตำบลนาพญา,วิธีการจัดหา ประกาศเชิญชวนทั่วไป คัดเลือก เฉพาะเจาะจง,เฉพาะเจาะจง,-,1480,1480,1480,2568,1 ก.ย. 68,ชุมพร
4528807,68089493182,ซื้อป้ายไวนิลพร้อมข้อความ จำนวน 3 แผ่น โดยวิธีเฉพาะเจาะจง,ซื้อ,โรงเรียนบ้านหนองแวง,โรงเรียนบ้านหนองแวง,วิธีการจัดหา ประกาศเชิญชวนทั่วไป คัดเลือก เฉพาะเจาะจง,เฉพาะเจาะจง,-,1480,1480,1480,2568,21 ส.ค. 68,มหาสารคาม
4528808,68089325931,ซื้อผ้าเช็ดเท้า โดยวิธีเฉพาะเจาะจง,ซื้อ,โรงพยาบาลเชียงคำ,โรงพยาบาลเชียงคำ,วิธีการจัดหา ประกาศเชิญชวนทั่วไป คัดเลือก เฉพาะเจาะจง,เฉพาะเจาะจง,-,1480,1480,1480,2568,13 ส.ค. 68,พะเยา
4528809,68089453018,ซื้อชมรมวิชาชีพ (อิเล็กทรอนิกส์) โดยวิธีเฉพาะเจาะจง,ซื้อ,วิทยาลัยการอาชีพเชียงคำ,วิทยาลัยเทคนิคเชียงคำ,วิธีการจัดหา ประกาศเชิญชวนทั่วไป คัดเลือก เฉพาะเจาะจง,เฉพาะเจาะจง,-,1480,1480,1480,2568,19 ส.ค. 68,พะเยา
4528810,68089596601,ซื้อวัสดุงานบ้านงานครัว โดยวิธีเฉพาะเจาะจง,ซื้อ,โรงพยาบาลวัฒนานคร,โรงพยาบาลวัฒนานคร,วิธีการจัดหา ประกาศเชิญชวนทั่วไป คัดเลือก เฉพาะเจาะจง,เฉพาะเจาะจง,-,1480,1480,1480,2568,18 ส.ค. 68,สระแก้ว
4528811,68079138396,ซื้อปากกาลูกลื่น สีน้ำเงิน (มอก.346-2556) และอื่นๆ จำนวน 2 รายการ สำหรับงานค่าใช้จ่ายในการปรับปรุงระบบการจัดการน้ำและพัฒนาองค์กรผู้ใช้น้ำ โดยวิธีเฉพาะเจาะจง,ซื้อ,กรมชลประทาน,โครงการส่งน้ำและบำรุงรักษานฤบดินทรจินดา,วิธีการจัดหา ประกาศเชิญชวนทั่วไป คัดเลือก เฉพาะเจาะจง,เฉพาะเจาะจง,-,1480,1480,1480,2568,9 ก.ค. 68,ปราจีนบุรี
4528812,68079017037,ซื้อวัสดุคอมพิวเตอร์ จำนวน 1 รายการ (กคม.) โดยวิธีเฉพาะเจาะจง,ซื้อ,สำนักงานปลัดกระทรวงการพัฒนาสังคมและความมั่นคงของมนุษย์,สำนักงานปลัดกระทรวงการพัฒนาสังคมและความมั่นคงของมนุษย์,วิธีการจัดหา ประกาศเชิญชวนทั่วไป คัดเลือก เฉพาะเจาะจง,เฉพาะเจาะจง,-,1480,1480,1480,2568,2 ก.ค. 68,กรุงเทพมหานคร
4528813,68079103176,ซื้อวัสดุก่อสร้าง จำนวน ๓ รายการ โดยวิธีเฉพาะเจาะจง,ซื้อ,กรมทางหลวงชนบท,แขวงทางหลวงชนบทพัทลุง,วิธีการจัดหา ประกาศเชิญชวนทั่วไป คัดเลือก เฉพาะเจาะจง,เฉพาะเจาะจง,-,1480,1480,1480,2568,7 ก.ค. 68,พัทลุง
4528814,68079069980,จ้างทำวัสดุตรายาง จำนวน 5 รายการ ใช้งานส่วนอำนวยการ ฝ่ายช่วยอำนวยการ  โดยวิธีเฉพาะเจาะจง,จ้างทำของ/จ้างเหมาบริการ,กรมทรัพยากรน้ำ,สำนักงานทรัพยากรน้ำที่ 4,วิธีการจัดหา ประกาศเชิญชวนทั่วไป คัดเลือก เฉพาะเจาะจง,เฉพาะเจาะจง,-,1480,1480,1480,2568,4 ก.ค. 68,ขอนแก่น
4528815,68079336164,จ้างถ่ายเอกสารประกอบการประชุมข้าราชการ พนักงาน ลูกจ้าง สกส./กทม ครั้งที่ 4/2568  โดยวิธีเฉพาะเจาะจง,จ้างทำของ/จ้างเหมาบริการ,กรมการพัฒนาชุมชน,กรมการพัฒนาชุมชน กรุงเทพฯ,วิธีการจัดหา ประกาศเชิญชวนทั่วไป คัดเลือก เฉพาะเจาะจง,เฉพาะเจาะจง,-,1500,1480,1480,2568,4 ก.ค. 68,กรุงเทพมหานคร
4528816,68099408165,จ้างเข้าเล่มหลักสูตร 8 กลุ่มสาระการเรียนรู้ โดยวิธีเฉพาะเจาะจง,จ้างทำของ/จ้างเหมาบริการ,โรงเรียนราชประชานุเคราะห์ ๒๗ จังหวัดหนองคาย,โรงเรียนราชประชานุเคราะห์ 27 หนองคาย,วิธีการจัดหา ประกาศเชิญชวนทั่วไป คัดเลือก เฉพาะเจาะจง,เฉพาะเจาะจง,-,1480,1480,1480,2568,12 ก.ย. 68,หนองคาย
4528817,68099462019,จ้างเข้าเล่มสันกาวข้อบัญญัติงบประมาณรายจ่ายประจำปีงลประมาณ พ.ศ.๒๕๖๙ จำนวน ๑๙ เล่ม โดยวิธีเฉพาะเจาะจง,จ้างทำของ/จ้างเหมาบริการ,องค์การบริหารส่วนตำบลวัดหลวง,องค์การบริหารส่วนตำบลวัดหลวง,วิธีการจัดหา ประกาศเชิญชวนทั่วไป คัดเลือก เฉพาะเจาะจง,เฉพาะเจาะจง,-,1480,1480,1480,2568,17 ก.ย. 68,ชลบุรี
4528818,68099194711,ซื้อวัสดุในการซ่อมแซมบานตู้ลอยห้องพยาบาล โดยวิธีเฉพาะเจาะจง,ซื้อ,สำนักงานปลัดกระทรวงการพัฒนาสังคมและความมั่นคงของมนุษย์,สถานคุ้มครองสวัสดิภาพผู้เสียหายจากการค้ามนุษย์ จังหวัดเชียงราย,วิธีการจัดหา ประกาศเชิญชวนทั่วไป คัดเลือก เฉพาะเจาะจง,เฉพาะเจาะจง,-,1480,1480,1480,2568,5 ก.ย. 68,เชียงราย
4528819,68099197605,ซื้อวัสดุใช้ในโครงการหนูจ๋ารู้ไว้จะปลอดภัยจากการจมน้ำ ประจำปีงบประมาณ พ.ศ.2568 โดยวิธีเฉพาะเจาะจง,ซื้อ,เทศบาลตำบลหินเหล็กไฟ,ศูนย์พัฒนาเด็กเล็กเทศบาลตำบลหินเหล็กไฟ,วิธีการจัดหา ประกาศเชิญชวนทั่วไป คัดเลือก เฉพาะเจาะจง,เฉพาะเจาะจง,-,1480,1480,1480,2568,1 ก.ย. 68,บุรีรัมย์
4528820,68099047798,จ้างเหมาซ่อมแซมรถยนต์ หมายเลขทะเบียน บจ 3345 สมุทรสาคร โดยวิธีเฉพาะเจาะจง,จ้างทำของ/จ้างเหมาบริการ,เทศบาลตำบลหลักห้า,เทศบาลตำบลหลักห้า,วิธีการจัดหา ประกาศเชิญชวนทั่วไป คัดเลือก เฉพาะเจาะจง,เฉพาะเจาะจง,-,1480,1480,1480,2568,2 ก.ย. 68,สมุทรสาคร
4528821,68099470802,จ้างเหมาซ่อมเครื่องปริ้นเตอร์ โดยวิธีเฉพาะเจาะจง,จ้างทำของ/จ้างเหมาบริการ,สำนักงานปลัดกระทรวงการพัฒนาสังคมและความมั่นคงของมนุษย์,สำนักงานพัฒนาสังคมและความมั่นคงของมนุษย์จังหวัดนครสวรรค์,วิธีการจัดหา ประกาศเชิญชวนทั่วไป คัดเลือก เฉพาะเจาะจง,เฉพาะเจาะจง,-,1480,1480,1480,2568,16 ก.ย. 68,นครสวรรค์
4528822,68099024992,จ้างเหมาบำรุงรักษาเปลี่ยนน้ำมันเครื่องรถยนต์ ทะเบียน กห-790 เชียงใหม่  โดยวิธีเฉพาะเจาะจง,จ้างทำของ/จ้างเหมาบริการ,โรงพยาบาลธัญญารักษ์เชียงใหม่,โรงพยาบาลธัญญารักษ์ เชียงใหม่,วิธีการจัดหา ประกาศเชิญชวนทั่วไป คัดเลือก เฉพาะเจาะจง,เฉพาะเจาะจง,-,1480,1480,1480,2568,5 ก.ย. 68,เชียงใหม่
4528823,68029388534,จ้างแก้ไขกระแสไฟฟ้าขัดข้อง  จำนวน 2 แห่ง โดยวิธีเฉพาะเจาะจง,จ้างทำของ/จ้างเหมาบริการ,กรมทางหลวงชนบท,แขวงทางหลวงชนบทขอนแก่น,วิธีการจัดหา ประกาศเชิญชวนทั่วไป คัดเลือก เฉพาะเจาะจง,เฉพาะเจาะจง,-,1479.97,1479.97,1479.97,2568,21 ก.พ. 68,ขอนแก่น
4528824,68069294053,ซื้อวัสดุสำนักงาน (แบบพิมพ์ กองคลัง) โดยวิธีเฉพาะเจาะจง,ซื้อ,องค์การบริหารส่วนตำบลไทยบุรี,องค์การบริหารส่วนตำบลไทยบุรี,วิธีการจัดหา ประกาศเชิญชวนทั่วไป คัดเลือก เฉพาะเจาะจง,เฉพาะเจาะจง,-,1605,1605,1479.9,2568,22 ก.ค. 68,นครศรีธรรมราช
4528825,68029445813,จ้างซ่อมรถยนต์และเครื่องจักรกล โดยวิธีเฉพาะเจาะจง,จ้างทำของ/จ้างเหมาบริการ,กรมทางหลวงชนบท,แขวงทางหลวงชนบทสุราษฎร์ธานี,วิธีการจัดหา ประกาศเชิญชวนทั่วไป คัดเลือก เฉพาะเจาะจง,เฉพาะเจาะจง,-,1500,1500,1479.81,2568,5 ก.พ. 68,สุราษฎร์ธานี
4528826,67119459016,"จ้างซ่อมเปลี่ยนอะไหล่ครุภัณฑ์ยานพาหนะและขนส่ง ยี่ห้ออีซูซุ หมายเลข ชป.041-5371 ทะเบียน บธ 532 ชัยนาท สำหรับงานบริหารการส่งน้ำ โครงการส่งน้ำและบำรุงรักษาทับเสลา พื้นที่ชลประทาน 148,531 ไร่ ตำบลระบำ อำเภอลานสัก จังหวัดอุทัยธานี  โดยวิธีเฉพาะเจาะจง",จ้างทำของ/จ้างเหมาบริการ,กรมชลประทาน,โครงการส่งน้ำฯ ทับเสลา (อุทัยธานี) กรมชลประทาน,วิธีการจัดหา ประกาศเชิญชวนทั่วไป คัดเลือก เฉพาะเจาะจง,เฉพาะเจาะจง,-,1479.81,1479.81,1479.81,2568,25 พ.ย. 67,อุทัยธานี
4528827,67109264131,จ้างซ่อมรถยนต์ส่วนกลาง หมายเลขทะเบียน กจ 3762 (สำนักปลัด) โดยวิธีเฉพาะเจาะจง,จ้างทำของ/จ้างเหมาบริการ,เทศบาลตำบลปาเสมัส,เทศบาลตำบลปาเสมัส,วิธีการจัดหา ประกาศเชิญชวนทั่วไป คัดเลือก เฉพาะเจาะจง,เฉพาะเจาะจง,-,1479.81,1479.81,1479.81,2568,21 ต.ค. 67,นราธิวาส
4528828,68059428563,จ้างบำรุงรักษาและซ่อมแซมรถบรรทุกขยะ ยี่ห้ออีซูซุ หมายเลขทะเบียน ผข ๘๐๓๖ พิษณุโลก หมายเลขครุภัณฑ์ ๐๑๑-๖๕-๐๐๐๓ โดยวิธีเฉพาะเจาะจง,จ้างทำของ/จ้างเหมาบริการ,องค์การบริหารส่วนตำบลเนินเพิ่ม,องค์การบริหารส่วนตำบลเนินเพิ่ม,วิธีการจัดหา ประกาศเชิญชวนทั่วไป คัดเลือก เฉพาะเจาะจง,เฉพาะเจาะจง,-,1479.81,1479.81,1479.81,2568,26 พ.ค. 68,พิษณุโลก
4528829,67109259941,จ้างเปลี่ยนถ่ายน้ำมันเครื่องรถราชการทะเบียน กจ 6422 ยะลา โดยวิธีเฉพาะเจาะจง,จ้างทำของ/จ้างเหมาบริการ,วิทยาลัยเทคนิคยะลา,วิทยาลัยเทคนิคยะลา,วิธีการจัดหา ประกาศเชิญชวนทั่วไป คัดเลือก เฉพาะเจาะจง,เฉพาะเจาะจง,-,1479.81,1479.81,1479.81,2568,22 ต.ค. 67,ยะลา
4528830,68039160546,จ้างซ่อมพร้อมเปลี่ยนอะไหล่รถบรรทุกขนาด 1 ตัน จำนวน 1 คัน สำหรับงานบำรุงรักษาคลองส่งน้ำสายใหญ่และคลองส่งน้ำสายซอย โครงการส่งน้ำและบำรุงรักษาโก-ลก ตำบลโฆษิต อำเภอตากใบ จังหวัดนราธิวาส โดยวิธีเฉพาะเจาะจง,จ้างทำของ/จ้างเหมาบริการ,กรมชลประทาน,โครงการส่งน้ำและบำรุงรักษาโก-ลก,วิธีการจัดหา ประกาศเชิญชวนทั่วไป คัดเลือก เฉพาะเจาะจง,เฉพาะเจาะจง,-,1479.81,1479.81,1479.81,2568,10 มี.ค. 68,นราธิวาส
4528831,68049452498,จ้างซ่อมรถยนต์ ยี่ห้อ อีซูซุ จำนวน 1 งานของงานปรับปรุงบานระบายและอาคารควบคุมอ่างเก็บน้ำแม่มอก โครงการชลประทานสุโขทัย ตำบลเวียงมอก อำเภอเถิน จังหวัดลำปาง โดยวิธีเฉพาะเจาะจง,จ้างทำของ/จ้างเหมาบริการ,กรมชลประทาน,โครงการชลประทาน (ชคป.) สุโขทัย กรมชลประทาน,วิธีการจัดหา ประกาศเชิญชวนทั่วไป คัดเลือก เฉพาะเจาะจง,เฉพาะเจาะจง,-,1479.81,1479.81,1479.81,2568,13 พ.ค. 68,สุโขทัย
